# Quest ID,Language of Questionnaire,Neighborhood,Workday - Personal Car/Truck,Workday - Carpool,Workday - Carshare,Workday - Motorcycle,Workday - Personal bicycle,Workday - Bike Share,Workday - Walk,Workday - Bus,Workday - Mode Other,Workday - Accessibility,Workday - Affordability,Workday - Comfort,Workday - Convenience,Workday - Environment,Workday - Health,Workday - Independence,Workday - Knowledge,Workday - Proximity,Workday - Reliability,Workday - Safety and security,Workday - Travel time,Workday - Pref Other,Workday - Work or School,Workday - Medical needs,Workday - Shopping,Workday - Recreation,Workday - Church,Workday - Child care/kids school,Workday - Dest Other,Nonworkday - Personal Car/Truck,Nonworkday - Carpool,Nonworkday - Carshare,Nonworkday - Motorcycle,Nonworkday - Personal bicycle,Nonworkday - Bike Share,Nonworkday - Walk,Nonworkday - Bus,Nonworkday - Mode Other,Nonworkday - Accessibility,Nonworkday - Affordability,Nonworkday - Comfort,Nonworkday - Convenience,Nonworkday - Environment,Nonworkday - Health,Nonworkday - Independence,Nonworkday - Knowledge,Nonworkday - Proximity,Nonworkday - Reliability,Nonworkday - Safety and security,Nonworkday - Travel time,Nonworkday - Pref Other,Nonworkday - Work or School,Nonworkday - Medical needs,Nonworkday - Shopping,Nonworkday - Recreation,Nonworkday - Church,Nonworkday - Child care/kids school,Nonworkday - Dest Other,How often do you have multiple destinations on a single trip away from home?,"How often do you drive a car for
transportation?",Is it an electric vehicle or hybrid?,"If no, have you considered buying an electric 
vehicle or hybrid?","If never considered buying an electric vehicle or hybrid, why?","If considered buying an electric vehicle or hybrid, why?",Do you typically drive alone?,Do you own or lease the car/truck?,"If not, who owns it?",Do you use taxi?,Do you use carpool?,Do you use carshare?,Do you use Lyft/Uber?,Do you use Vanpool?,Why not other options - Cost,Why not other options - Don't have a smartphone,Why not other options - Don't want to share personal information,Why not other options - Didn't know about these options,Why not other options - Other,How often do you use a bicycle for transportation?,Why not bike - do not have bike,Why not bike - Distance or hilly terrain,Why not bike - weather,Why not bike - safety,Why not bike - other,How often do you ride the bus?,"If you never ride the bus, why?",How do you pay to use the bus?,Do you have access to a credit card?,Do you have a smartphone? ,Internet @ Home,Internet @ Work/School,Internet @ Other,"Including yourself, how many people 
currently live in your household?",Are any of them under 16?,"On a Scale of 1-4 how strong is your 
relationship with your neighbors?","Who influences the choices you make about
 travel (family, friend, community leader)?",Who is your hero or heroine?,Age,Gender,Race,Hispanic or Latino origin?,Houshold income last year
Q032,English ,Boulder Meadows,1,0,0,0,0,0,0,0,0,0,0,1,1,0,0,1,1,0,1,0,0,,1,0,1,1,0,1,,1,0,0,0,0,0,0,0,,0,0,1,1,0,0,1,1,0,1,0,1,,0,0,1,1,0,0,,Every trip,Every day,No,Yes,N/A,Unknown,Yes,Yes,N/A,0,0,0,0,0,1,0,0,0,"Don't need, Opportunity",Never,1,0,0,0,Other (ability),Never,No need to,N/A,No,Yes,0,0,,2,No,3,"Work, Self",Unknown,55-64,Female,White,No,"Less than $25,000"
Q159,English,San Juan Del Centro,0,0,0,0,0,0,0,1,0,0,0,0,0,0,0,0,0,1,0,0,0,,1,0,0,0,0,0,,0,0,0,0,0,0,0,1,,0,0,0,0,0,1,0,0,0,0,0,0,,1,0,0,0,0,0,,Most trips,Never,N/A,N/A,N/A,N/A,No,No,N/A,0,1,0,0,0,0,0,0,0,,Never,1,0,0,0,,Three to five times per week,Unknown,Cash,Yes,Yes,1,0,,3,Yes,3,Family,Aunt,18-24,Female,Other,Yes,"Less than $25,000"
Q077,English ,Orchard Grove,1,0,0,0,0,0,1,0,0,1,1,1,1,0,0,1,0,0,1,0,1,,1,0,1,1,0,0,,1,0,0,0,1,0,1,0,,1,1,1,1,0,0,1,0,0,1,0,1,,1,0,1,1,0,0,,Every trip,Every day,no,no,Unknown,N/A,no,yes,N/A,0,1,0,0,0,0,0,1,0,,Few times per month,0,0,0,0,,Never,Unknown,N/A,Yes ,yes,1,1,,4,no,3,"Family, Friend, Community Leader, Self",Batman,under 18,Male ,native hawaiian,no,"$25,000 to $49,999"
Q153,Spanish,San Juan Del Centro,0,0,0,0,0,0,1,0,0,1,0,0,0,0,0,0,0,0,0,0,0,,0,0,0,1,0,0,,0,0,0,0,0,0,1,0,,1,0,0,0,0,0,0,0,0,0,0,0,,0,0,0,1,0,0,,Every once in a while,Once per week,No,Yes,N/A,Unknown,No,No,Family member,0,0,0,0,0,0,0,1,0,,Every day,0,0,1,0,,Once per week,Unknown,N/A,Yes,Yes,1,0,,3,Yes,4,Signficant other,Batman,18-24,Male,White,No,"Less than $25,000"
Q072,English ,Orchard Grove,0,0,0,0,1,0,0,0,0,0,0,0,0,0,1,0,0,0,0,0,0,,0,0,0,1,0,0,,0,0,0,0,0,0,0,0,,0,0,0,0,0,1,0,0,0,0,0,0,,0,0,0,1,0,0,,Every other trip,Three to five times per week,No,Yes,N/A,No gasoline,no,yes,N/A,0,0,0,1,0,0,0,0,0,,Every day,0,0,0,0,,Few times per month,N/A,cash,Yes ,yes,1,0,,2,no,3,Self,Bob Dylan,25-34,Male ,white,no,"$25,000 to $49,999"
Q075,English ,Orchard Grove,0,0,0,0,0,0,0,0,Other,0,0,0,1,0,0,0,0,0,0,0,0,,1,0,1,0,1,0,,1,0,0,0,0,0,0,0,,0,0,0,1,0,0,0,0,0,0,0,0,,0,0,1,1,0,0,,Most trips,Every day,no,yes,N/A,Unknown,yes,yes,N/A,0,0,0,0,0,0,0,0,0,,Weekends only,0,0,0,0,,few times per month,N/A,cash,Yes ,no,0,1,,1,no,2,No one,Buddha,55-64,Male ,white,no,"$50,000 to $74,999"
Q068,English ,Boulder Meadows,1,0,0,0,0,0,0,0,0,0,0,1,0,0,0,0,0,0,0,0,1,,0,0,1,0,0,0,,1,0,0,0,0,0,0,0,,0,0,1,0,0,0,0,0,0,0,0,1,,0,0,1,0,0,0,,Most trips,never,no,no,Unknown,N/A,N/A,N/A,N/A,0,0,0,0,0,1,0,0,0,,never,1,0,0,0,,never,Unknown,N/A,Yes ,yes,1,0,,5,yes,4,Children,Children,Unknown,Female,Asian,no,Unknown
Q185,English,Boulder Meadows,1,0,0,0,0,0,0,1,0,0,0,1,1,0,0,0,0,0,0,0,1,,1,0,0,0,0,0,,1,0,0,0,0,0,0,1,,1,0,0,1,0,0,0,0,0,1,1,0,,0,0,1,1,0,0,,Every trip,Every weekday,No,Unknown,Unknown,Unknown,No,No,Family member,0,1,0,0,0,0,0,0,1,,Never,1,0,0,0,,Once per week,Unknown,Cash,Yes,No,1,0,,4,No,2,Children,Children,55-64,Female,Asian,No,"Less than $25,000"
Q004,English,Boulder Meadows,0,1,0,0,0,0,0,0,0,1,1,1,1,1,0,1,1,0,1,1,1,,0,1,1,0,0,0,,0,1,0,0,0,0,0,0,,1,1,1,1,1,0,1,0,0,1,1,1,,0,1,1,0,0,0,,Most trips,Never,No,No,Unknown,N/A,No,No,Family Member,0,1,0,0,0,1,0,0,0,,Never,1,0,0,0,,Never,Own car,N/A,No,No,1,0,,5,Yes,3,Family,Children,65-74,Unknown,Asian,No,Unknown
Q014,English,Broadway East,1,0,0,0,0,0,0,0,0,0,0,1,0,0,0,1,0,0,1,0,0,,1,1,1,0,0,1,,1,0,0,0,0,0,0,0,,0,0,1,0,0,0,1,0,0,1,0,0,,0,0,1,1,0,0,,Most trips,Every day,No,No,Unknown,N/A,No,Yes,N/A,0,0,0,0,0,0,0,0,0,Own car,Never,0,1,0,0,,Never,Unknown,N/A,No,Yes,1,1,,4,Yes,3,Family,Children,25-34,Female,White,Yes,"$25,000 to $49,999"
Q003,English,Boulder Meadows,0,1,0,0,0,0,0,1,0,1,1,1,1,1,0,1,1,1,1,1,1,,0,0,1,1,0,0,Other (Visiting Friends),0,1,0,0,0,0,0,1,,0,1,1,1,0,0,0,0,0,1,1,0,,0,0,1,1,0,0,,Most trips,Few times per month,Unknown,Unknown,Unknown,Unknown,Unknown,N/A,N/A,0,0,0,0,0,0,0,0,1,,Never,0,0,0,0,,Few times per month,N/A,N/A,No,No,1,0,,2,No,2,Family,Children,65-74,Unknown,Asian,No,Unknown
Q076,Spanish,Boulder Meadows,1,0,0,0,0,0,0,0,0,1,0,1,1,0,0,1,0,1,0,0,0,,1,0,0,0,0,1,,1,0,0,0,0,0,0,0,,1,0,1,1,0,0,1,0,1,0,0,0,,1,0,0,1,0,1,,Most trips,Every day,No,Unknown,Unknown,Unknown,No,Yes,N/A,0,1,0,0,0,0,0,0,1,,Never,1,0,0,0,,Never,Own car,N/A,Yes ,Yes,1,0,,3,Yes,2,Family,Children,25-34,Female,Other,Yes,"$25,000 to $49,999"
Q089,Spanish,Broadway,1,0,0,0,0,0,0,0,0,0,0,1,1,0,0,0,0,0,0,0,1,,1,0,1,0,0,0,,1,0,0,0,0,0,0,0,,0,0,1,1,0,0,0,0,0,0,0,1,,0,1,0,1,0,0,,Most trips,Every day ,No,No,Cost,N/A,Yes,Yes,N/A,0,0,0,0,0,1,0,0,0,,Never,1,0,0,0,,Few times per month,N/A,Cash,No,Yes,1,1,,3,No,4,Self,Children,25-34,Female,White,Yes,"Less than $25,000"
Q141,Spanish,San Juan Del Centro,0,0,0,0,0,0,1,1,0,0,0,0,0,0,1,0,0,0,0,0,0,,1,1,1,0,0,1,,0,0,0,0,0,0,1,1,,0,0,0,0,0,0,0,0,0,0,0,0,Other (Do not drive),0,0,0,0,0,0,,Most trips,Never,N/A,N/A,N/A,N/A,N/A,N/A,N/A,0,0,0,0,0,0,0,0,0,,Never,0,0,0,0,Other,Every weekday,N/A,Cash,No,No,1,0,,3,Yes,4,Self,Children,45-54,Female,Other,Yes,"Less than $25,000"
Q151,English,San Juan Del Centro,1,0,0,0,0,0,0,0,0,1,1,1,1,0,0,0,0,0,0,0,0,,1,0,0,0,0,0,,1,0,0,0,0,0,0,0,,1,0,0,1,0,0,1,0,0,1,1,0,,0,0,0,1,0,0,,Every other trip,Every day,No,No,Have not considered,N/A,Yes,Yes,N/A,0,0,0,0,0,0,0,0,1,,Never,1,0,0,0,,Few times per month,N/A,Cash,No,Yes,1,1,,2,Unknown,4,Unknown,Children,35-44,Male,Other,Yes,"$25,000 to $49,999"
Q198,English ,San Juan Del Centro,1,0,0,0,0,0,0,0,0,0,0,0,1,0,0,0,0,0,0,0,0,,1,0,0,0,0,0,,1,0,0,0,0,0,0,0,,0,0,0,0,0,0,0,0,0,0,0,0,Other (Have a bad bike),0,0,1,1,0,0,,Most trips,Every day,No,Yes ,N/A,Unknown,Yes,Yes,N/A,0,0,0,1,0,1,0,0,0,,Never,0,0,0,0,Other (bad bike),Never,Unknown,N/A,Yes,Yes,1,1,,2,Yes,3,Unknown,Children,45-54,Male,White,No,"Less than $25,000"
Q012,English,Broadway East,1,0,0,0,0,0,0,0,0,0,0,0,1,0,0,1,0,0,0,0,1,,1,1,1,1,1,1,,1,0,0,0,0,0,0,0,,0,0,0,1,0,0,1,0,0,1,0,0,,0,1,0,1,1,1,,Most trips,Every day,Yes,N/A,N/A,N/A,Yes,Yes,N/A,1,0,0,1,0,0,0,0,0,,Never,1,0,0,0,,Few times per month,N/A,"Cash, Eco-Pass",Yes,Yes,1,1,,3,Yes,4,Family,Community Leader,25-34,Female,Black or African American,No,"Less than $25,000"
Q196,English,San Juan Del Centro,0,0,0,0,0,0,0,1,0,0,0,1,0,1,1,1,0,0,0,1,0,,1,0,1,1,0,0,,0,0,0,0,0,0,0,1,,0,0,1,0,1,1,1,0,0,0,1,0,,0,0,0,1,0,0,,Every trip,Three to five times per week,No,No,Unknown,N/A,No,Yes,N/A,0,1,0,0,0,0,0,0,0,,Never,1,0,0,0,,Three to five times per week,Unknown,Eco-Pass,Yes,No,0,1,,1,No,2,Family,Dali Lama,55-64,Male,White,No,"$25,000 to $49,999"
Q187,English,Boulder Meadows,1,0,0,0,0,0,0,0,0,1,0,1,1,1,0,1,0,0,0,0,1,,1,1,0,0,0,0,,1,0,0,0,0,0,0,0,,0,0,0,1,0,0,0,0,0,0,0,0,,1,1,0,0,0,0,,Most trips,Every day ,No,Yes,N/A,Unknown,Yes,Yes,N/A,0,1,0,0,0,0,0,0,0,,Never,1,0,0,0,,Unknown,Unknown,Cash,Yes,Yes,1,1,,Unknown,No,3,Self,Dali Lama,25-34,Male,Other,Yes,Unknown
Q070,English ,Orchard Grove,1,0,0,0,0,0,0,0,0,0,0,0,0,0,0,0,0,0,0,0,0,,1,0,1,1,0,0,,1,0,0,0,0,0,0,0,,0,0,1,0,0,0,0,0,0,1,0,0,,1,0,1,1,0,0,,Most trips,Every day,no,No,Do not like (preference),N/A,no,yes,N/A,0,0,0,0,0,0,0,0,0,,never,1,0,0,0,,never,Unknown,N/A,no,yes,1,0,,4,yes,4,Family,Don't have one,18-24,Female,White,no,"Less than $25,000"
Q010,English,Broadway East,1,0,0,0,0,0,0,0,0,0,0,0,0,0,0,0,0,0,1,0,0,,1,0,0,0,0,0,,1,0,0,0,0,0,0,0,,0,0,0,1,0,0,0,0,0,0,0,0,,0,1,1,1,1,0,,Every once in a while,Every day,No,No,Do not like (preference),N/A,Yes,Yes,N/A,0,0,0,0,0,0,0,1,0,,Never,0,0,0,0,Other (don't want to),Few times per month,N/A,Cash,Yes,Yes,1,0,,2,No,Unknown,Family,Don't have one,55-64,Female,White,No,"$25,000 to $49,999"
Q173,English,San Juan Del Centro,0,0,0,0,1,0,0,0,0,0,1,1,1,1,1,1,1,1,1,0,1,,1,0,0,0,0,0,,0,0,0,0,1,0,0,0,,0,1,1,1,1,1,1,1,1,1,0,1,,0,0,0,1,1,0,,Most trips,Unknown,No,Unknown,Unknown,Unknown,No,Yes,N/A,0,1,0,1,0,0,0,0,0,,Every day,0,0,0,0,,Every day,N/A,Eco-Pass,Yes,Yes,1,1,,3,Yes,3,Significant other,Colleague,35-44,Male,White,No,"$125,000 to $149,999"
Q002,English,Boulder Meadows,0,0,0,0,0,0,0,1,0,1,1,1,1,1,0,1,1,1,1,0,1,,0,1,1,0,0,0,,0,0,0,0,0,0,0,1,,1,1,1,1,1,0,1,1,1,1,1,0,Other (wait time),0,1,1,0,0,0,,Most trips,Never,N/A,N/A,N/A,N/A,N/A,N/A,N/A,0,0,0,0,0,0,0,0,1,,Never,0,0,0,0,,Every day,N/A,Eco-pass ,No,No,0,0,,1,No,3,Family,Family,65-74,Female,Asian,No,"Less than $25,000"
Q067,English ,Boulder Meadows,1,0,0,0,0,0,0,0,0,0,0,0,0,1,0,0,1,0,0,0,0,,0,1,1,1,0,0,,1,0,0,0,0,0,0,1,,0,0,1,0,1,0,0,0,0,0,1,0,,0,0,1,1,0,0,,Every other trip,Every day,no,yes,N/A,Unknown,yes,yes,N/A,1,0,0,1,0,0,0,0,0,,Every weekday,0,0,0,0,,Weekends Only,Unknown,cash,Yes ,yes,1,0,,3,Unknown,1,Family and Friends,Family,25-34,Male ,Asian,no,"$50,000 to $74,999"
Q073,Spanish,Boulder Meadows,1,0,0,0,0,0,0,0,0,1,0,1,1,0,0,0,0,0,0,0,0,,1,0,0,0,0,0,,1,0,0,0,0,0,0,0,,1,0,1,1,0,0,0,0,0,0,0,0,,0,0,0,1,1,0,,Every trip,Every day,No,Unknown,Unknown,Unknown,Yes,Yes,N/A,0,0,0,0,0,0,0,0,0,Don't need,Never,1,0,0,0,,Never,Unknown,N/A,Yes ,No,0,0,,3,No,2,Self,Family,55-64,Male ,Other,Yes,"$25,000 to $49,999"
Q021,English,Boulder Meadows,1,0,0,0,0,0,0,0,0,1,0,0,1,0,0,0,0,1,1,0,1,,1,0,0,0,0,0,,1,0,0,0,1,0,0,0,,0,0,1,1,0,0,0,0,0,0,0,1,,0,0,0,0,1,0,,Every other trip,Every day,No,No,Cost,N/A,Yes,Yes,N/A,0,0,0,0,0,1,0,0,0,,Few times per month,0,0,0,0,,Never,Unknown,N/A,Yes,Yes,1,0,,5,Yes,3,Self,Family,45-54,Male,Other,Yes,"$50,000 to $74,999"
Q120,Spanish,Orchard Grove,1,0,0,0,0,0,0,0,0,0,0,0,1,0,0,0,0,0,0,0,0,,1,0,0,0,0,0,,1,0,0,0,0,0,0,0,,0,0,0,1,0,0,0,0,0,0,0,0,,0,0,0,0,0,0,Other (house),Every once in a while,Every day,No ,No,Unknown,N/A,Yes,Yes,N/A,0,1,0,0,0,0,0,0,0,,Never,1,0,0,0,,Never,Unknown,N/A,Yes,Yes,0,1,,7,Yes,3,Unknown,Fluffy,18-24,Female,White,Yes,"Less than $25,000"
Q152,English,San Juan Del Centro,1,0,0,0,0,0,0,1,0,1,0,1,1,1,0,0,0,0,0,1,1,,1,0,0,1,1,1,,1,0,0,0,0,0,1,1,,1,1,1,0,1,1,0,0,0,0,0,0,,1,1,1,0,1,0,,Most trips,Weekends only,No,Yes,N/A,Unknown,No,No,Friend,1,0,0,1,0,1,0,0,0,,Few times per month,0,0,0,0,,Three to five times per week,Unknown,Cash,No,Yes,1,0,,4,Yes,2,Self,Friend,35-44,Female,White,Yes,"Less than $25,000"
Q143,English,Broadway East,1,1,0,0,0,0,1,0,0,0,1,1,1,0,1,0,0,1,0,0,1,,1,0,1,0,0,1,,0,0,0,0,1,0,1,0,,0,0,0,1,1,1,0,0,1,0,0,0,,0,0,1,1,0,0,,Most trips,Three to five times per week,No,No,Cost,N/A,No,Yes,N/A,0,1,0,0,0,0,0,0,0,,Once per week,0,0,0,0,,Few times per month,N/A,Cash,Yes,Yes,1,0,,2,Yes,3,No one,"Gandhi, Barack Obama",45-54,Female,White,No,"Less than $25,000"
Q022,English,Boulder Meadows,1,0,0,0,0,0,0,0,0,1,1,0,1,0,0,0,0,0,0,1,1,,1,0,1,0,0,1,,1,0,0,0,0,0,0,0,,0,1,1,0,0,0,1,0,0,1,1,0,,1,1,1,1,1,1,,Most trips,Every day,No,No,Cost,N/A,No,Yes,N/A,0,1,0,0,0,0,0,0,1,,Never,0,0,0,0,Other (don't want to),Never,Unknown,N/A,Yes,Yes,1,0,,5,Yes,3,Children,God,45-54,Female,Other,Yes,"$50,000 to $74,999"
Q123,Spanish,Boulder Meadows,1,0,0,0,0,0,0,0,0,1,0,1,1,0,0,0,0,1,0,0,1,,1,0,0,0,0,0,,1,0,0,0,0,0,0,1,,0,0,1,1,0,0,0,0,1,0,0,0,,0,0,0,1,1,0,,Most trips,Every weekday,No,Unknown,Unknown,Unknown,Yes,Yes,N/A,0,0,0,0,0,0,0,0,0,Own car,Never,0,0,0,1,,Few times per month,N/A,Cash,Yes,No,1,0,,3,Yes,3,Work,God,55-64,Male,Other,Yes,"$25,000 to $49,999"
Q163,English,Boulder Meadows,1,0,0,0,0,0,0,0,0,0,1,1,1,0,0,0,0,0,1,0,1,,1,0,1,1,0,0,Other (gym),1,1,0,0,0,0,1,0,,1,1,0,1,1,1,0,0,0,0,1,1,,0,1,1,1,0,0,Other (gym),Every trip,Every day,No,Unknown,Unknown,Unknown,Yes,Yes,N/A,0,1,0,1,0,0,0,0,1,,Never,0,0,0,0,Other (stolen bike),Few times per month,N/A,N/A,Yes,Yes,1,0,,4,No,3,Self,Grandparent,25-34,Male,American Indian,No,"$25,000 to $49,999"
Q040,English,Orchard Grove,0,0,0,0,1,0,1,0,0,0,1,1,0,1,1,1,0,1,1,0,0,,0,0,1,0,0,0,,0,0,0,0,1,0,1,1,,0,1,1,0,1,1,1,0,1,1,0,0,,0,0,1,1,0,0,,Every once in a while,Never,N/A,N/A,N/A,N/A,N/A,N/A,N/A,0,0,0,0,0,1,0,0,0,,Three to five times per week,0,0,0,0,,Once per week,Unknown,Eco-pass ,No,Yes,1,0,,2,No,4,Self,John Lennon,45-54,Male,White,No,"$25,000 to $49,999"
Q060,English,Orchard Grove,1,0,0,0,0,0,0,0,0,0,0,0,1,0,0,0,0,0,0,0,1,,1,0,0,0,0,0,,1,0,0,1,0,0,0,0,,0,1,1,0,0,0,0,0,0,0,0,1,,0,0,0,1,0,0,,Every other trip,Every day,No,No,Quality,N/A,Yes,Yes,N/A,0,0,0,0,0,0,0,0,0,Inconvenient,Never,0,0,0,0,Other,Never,Inconvenient,N/A,Yes,Yes,1,0,,2,No,3,Self,John Wayne,35-44,Male,White,No,"$25,000 to $49,999"
Q157,English,Orchard Grove,1,0,0,0,0,0,0,0,0,1,1,1,1,0,0,1,1,0,1,1,1,,1,1,1,1,0,0,,1,0,0,0,0,0,0,0,,1,1,1,1,0,0,1,1,0,1,1,1,,0,1,1,1,0,0,,Every trip,Every day,No,No,No need,N/A,Yes,Yes,N/A,0,0,0,0,0,0,0,0,0,Don't need,Never,1,0,0,0,Other (ability),Never,Unknown,N/A,Yes,Yes,1,0,,2,No,3,Unknown,"John Wayne, Ronald Reagan",75+,Male,Other,Unknown,Unknown
Q013,English,Broadway West,1,0,0,0,0,0,0,0,0,1,0,1,1,1,1,1,0,0,1,0,1,,1,0,1,0,0,0,,1,0,0,0,0,0,0,0,,1,1,1,1,1,0,1,1,1,1,1,1,,0,0,1,1,0,0,,Every once in a while,Every day,No,No,Cost,N/A,Yes,Yes,N/a,0,0,0,0,0,0,0,0,0,Own car,Never,1,1,1,1,,Never,Unknown,N/A,Yes,No,0,0,,1,No,4,Self,Julian Assang,65-74,Female,White,No,Unknown
Q195,English,San Juan Del Centro,1,0,0,0,0,0,0,0,0,1,1,1,1,0,0,0,0,0,0,0,0,,1,0,1,0,0,0,Other,1,0,0,0,0,0,0,1,,0,1,1,1,0,0,0,0,0,0,0,0,,0,1,1,1,0,0,,Most trips,Every day,No,Yes,N/A,Unknown,Yes,Yes,N/A,0,0,0,0,0,0,1,0,1,,Never,1,0,0,0,,Few times per month,N/A,Cash,Yes,No,1,0,,1,Unknown,1,Self,Last Queen of Hawaii,75+,Female,White,No,"Less than $25,000"
Q057,English,Orchard Grove,1,0,0,0,0,0,0,0,0,0,0,0,1,0,0,0,0,0,0,0,1,,1,0,1,0,0,0,,1,0,0,0,0,0,0,0,,0,0,0,1,0,0,0,0,0,1,0,1,,0,0,1,1,0,0,,Most trips,Every day,Yes,N/A,N/A,N/A,Yes,Yes,N/A,0,0,0,0,0,1,0,0,0,,Few times per month,0,0,0,0,,Never,Unknown,N/A,Yes,Yes,1,1,,3,Yes,3,Family,Martin Luther King,35-44,Male,White,No,"Less than $25,000"
Q154,English,San Juan Del Centro,1,0,0,0,0,0,1,0,0,0,1,0,0,0,0,0,0,0,0,0,0,,1,0,0,1,0,0,,0,0,0,0,0,0,1,0,,0,1,0,0,0,0,0,0,0,0,0,0,,0,0,1,0,0,0,,Every other trip,Once per week,No,No,Cost,N/A,No,No,Family member,0,0,0,1,0,0,0,0,0,,Once per week,0,0,0,0,Other,Every weekday,N/A,10-ride ticket book,No,Yes,1,0,,3,No,2,Family,Martin Luther King,under 18,Male,Other,Yes,"Less than $25,000"
Q180,English,Boulder Meadows,1,0,0,0,0,0,0,0,0,1,1,1,1,1,0,1,1,1,1,1,1,,1,0,0,0,0,0,,1,1,0,0,0,0,1,0,,0,1,1,0,1,1,1,1,1,1,1,1,,1,0,1,1,0,1,,Most trips,Every day,Yes,N/A,N/A,N/A,Yes,Yes,N/A,1,1,0,1,0,0,0,0,0,,Never,1,0,0,0,,Few times per month,N/A,Cash,Yes,Yes,1,1,,2,Yes,3,Self,Mother Teresa,35-44,Female,Unknown,Unknown,"Less than $25,000"
Q048,English,Orchard Grove,0,0,0,0,0,0,0,1,0,0,1,1,0,0,0,0,0,1,0,0,0,,1,0,0,0,0,0,,1,0,0,0,0,0,0,1,,0,0,0,1,0,0,0,0,0,0,0,1,,0,1,1,1,0,0,,Most trips,Once per week,No,No,Cost,N/A,No,Yes,N/A,0,0,0,0,0,1,0,0,0,,Few times per month,0,0,0,0,,Every weekday,N/A,Eco-pass,Yes,Yes,1,0,,1,No,3,Friends,Mulk,35-44,Male,White,No,"$25,000 to $49,999"
Q122,Spanish,Boulder Meadows,1,0,0,0,0,0,0,1,0,0,0,0,1,0,0,1,1,1,1,1,0,,1,0,1,0,1,0,,1,0,0,0,0,0,0,0,,1,0,0,0,0,0,1,1,1,1,1,1,,1,0,0,0,1,0,,Most trips,Never,No,No,Cost,N/A,No,Yes,Family member,0,0,0,0,0,0,0,0,1,,Once per week,0,0,0,0,,Three to five times per week,Unknown,Cash,No,Unknown,1,0,,5,Yes,4,Family,Unknown,Unknown,Unknown,Unknown,Unknown,Unknown
Q155,Spanish,San Juan Del Centro,0,0,0,0,0,0,0,1,0,0,0,1,1,0,0,0,0,0,0,0,0,Other,0,1,1,0,1,0,,0,0,0,0,0,0,0,1,,0,0,0,0,0,0,0,0,0,0,0,0,Other,0,1,1,0,1,0,,Most trips,Few times per month,No,No,Unknown,N/A,No,No,N/A,1,0,0,0,0,1,0,0,0,,Never,0,0,0,0,Other,Unknown,Unknown,Cash,Yes,No,0,0,,2,No,4,Self,Neighbor,45-54,Female,Other,Yes,"Less than $25,000"
Q168,English,San Juan Del Centro,1,0,0,0,0,0,0,0,0,0,0,1,0,0,0,0,0,0,0,0,0,,1,0,1,0,0,1,,1,0,0,0,0,0,0,0,,0,0,0,0,0,0,1,0,0,0,0,0,,0,1,1,0,0,0,,Most trips,Every day,No,No,Unknown,N/A,No,Yes,N/A,0,1,0,0,0,0,0,1,0,,Few times per month,0,0,0,0,,Few times per month,N/A,Cash,Yes,Yes,1,0,,2,Yes,4,Children,Parent,25-34,Female,Other,Yes,"$25,000 to $49,999"
Q177,English,San Juan Del Centro,0,0,0,0,0,0,1,1,0,0,1,0,0,0,0,0,0,0,0,0,0,,1,0,0,0,0,1,,0,1,0,0,0,0,1,1,,0,0,0,1,0,0,0,0,0,0,0,0,,0,1,1,0,1,0,,Every once in a while,Weekends only,No,No,Cost,N/A,No ,Yes,Family member,0,1,0,0,0,1,0,0,0,,Never,1,0,0,0,,Every weekday,N/A,Cash,Yes,Yes,1,0,,4,Yes,4,Family,Parent,35-44,Female,White,Yes,"$50,000 to $74,999"
Q092,Spanish,Broadway,1,0,0,0,0,0,1,0,0,1,0,0,0,0,0,0,0,0,0,0,1,,1,1,1,0,1,0,,1,0,0,0,0,0,1,1,,0,0,0,0,0,1,0,0,0,1,0,0,,0,1,1,0,1,0,,Every once in a while,Every day,No,No,Unknown,N/A,No,No,N/A,0,0,0,0,0,0,0,0,0,Own car,Never,1,0,0,1,,Once per week,Unknown,N/A,Unknown,Unknown,1,0,,5,Yes,4,Family,Parent,35-44,Female,Other,Yes,"$25,000 to $49,999"
Q140,English,Broadway West,1,0,0,0,0,0,0,0,0,0,0,1,1,0,0,0,0,0,1,1,1,,1,1,0,1,0,0,,1,0,0,0,0,0,0,0,,1,0,1,1,0,0,0,0,0,1,0,0,,0,1,1,1,0,0,,Most trips,Every day,Yes,N/A,N/A,N/A,No,Yes,N/A,0,0,0,0,0,1,0,0,0,,Never,1,0,0,0,,Never,Unknown,N/A,Yes,Yes,1,0,,5,Yes,2,Family,Parent,45-54,Male,White,No,"$25,000 to $49,999"
Q179,English,Boulder Meadows,1,0,0,0,0,0,0,1,0,0,0,0,1,0,0,0,0,0,0,0,0,,1,0,0,0,0,0,,0,0,0,0,0,0,0,1,,0,0,0,1,0,0,0,0,0,0,0,0,,0,0,1,0,0,0,,Most trips,every day,no,Unknown,Unknown,Unknown,yes,yes,n/a,1,0,0,1,0,0,0,0,0,,never,1,0,0,0,,Three to five times per week,Unknown,eco-pass,yes,yes,1,0,,4,no,4,Family,Parent,45-54,male,Asian,no,"$25,000 to $49,999"
Q006,English,Boulder Meadows,0,0,0,0,0,0,0,1,0,1,1,1,1,1,0,1,1,1,1,1,1,,1,0,1,0,0,0,,0,0,0,0,0,0,0,1,,1,1,1,1,1,0,1,1,1,1,1,1,,1,0,0,0,0,0,,Every once in a while,Never,N/A,N/A,N/A,N/A,N/A,N/A,N/A,0,0,0,0,0,0,0,1,0,,Never,1,0,0,0,,Every day,N/A,Eco-Pass,Yes,Yes,0,1,,5,Yes,Unknown,Family,Parent,18-24,Male,Asian,No,Unknown
Q144,Spanish,San Juan Del Centro,0,0,0,0,0,0,0,1,0,0,0,0,1,0,0,0,0,0,0,0,0,,1,1,1,0,0,1,,0,0,0,0,0,0,0,0,,0,0,0,0,0,0,0,0,0,0,0,0,,0,0,0,0,0,0,,Most trips,Never,No,No,Unknown,N/A,No,No,N/A,0,0,0,0,0,1,0,0,0,,Never,0,0,0,0,,Every day,N/A,Cash,No,No,0,1,,4,No,4,Family,Parent,35-44,Female,Other,Yes,"Less than $25,000"
Q125,Spanish,San Juan Del Centro,0,0,0,0,0,0,1,1,0,0,0,0,1,0,0,0,0,0,0,0,0,,1,1,1,0,0,1,,0,0,0,0,0,0,0,0,,0,0,0,0,0,0,0,0,0,0,0,0,,0,0,0,0,0,0,,Most trips,Never,No,No,Unknown,N/A,No,No,N/A,0,0,0,0,0,1,0,0,0,,Never,0,0,0,0,,Every day,N/A,Cash,No,No,0,1,,4,No,4,Family,Parent,35-44,Female,Other ,Yes,"Less than $25,000"
Q191,English,San Juan Del Centro,1,0,0,0,0,0,0,0,0,0,0,1,1,0,0,1,0,0,1,1,1,,1,0,0,0,0,0,,1,0,0,0,0,0,0,0,,0,0,1,1,0,0,1,0,0,1,1,1,,0,0,1,1,0,0,,Every other trip,Every day,No,Unknown,Unknown,Unknown,Yes,No,Family member,0,0,0,0,0,0,0,0,1,,Never,1,0,0,0,,Never,Unknown,N/A,No,Yes,1,1,,4,Yes,3,Family,Parent,18-24,Female,Other,Yes,"Less than $25,000"
Q085,English ,Orchard Grove,1,0,0,0,0,0,0,1,0,0,0,1,1,0,0,0,0,0,1,1,1,,1,0,0,0,0,0,,1,0,0,0,0,0,1,0,,0,0,1,1,0,1,0,0,1,1,0,0,,0,0,0,1,0,0,,Every once in a while,Three to five times per week,no,yes,N/A,Unknown,no,no,Family Member,0,1,0,0,0,0,0,0,0,,never,1,0,0,0,,Few times per month,N/A,cash,no,yes,1,1,,5,yes,3,Family,Parent,Unknown,Unknown,Unknown,Unknown,Unknown
Q084,English ,Orchard Grove,1,0,0,0,0,0,0,1,0,0,0,0,1,0,0,0,0,0,1,0,0,,1,0,0,0,0,0,,1,0,0,0,0,0,1,0,,0,0,1,1,0,0,0,0,0,1,0,0,,0,0,1,1,1,0,,Every once in a while,Three to five times per week,no,yes,N/A,Unknown,no,no,Family Member,0,1,0,0,0,0,0,0,0,,Never,1,0,0,0,,Few times per month,N/A,Cash,no,yes,1,1,,5,yes,3,Family,Parent,Unknown,Unknown,Unknown,Unknown,Unknown
Q192,English,San Juan Del Centro,1,0,0,0,1,0,0,0,0,0,0,0,1,0,1,0,0,0,0,0,0,,1,0,0,0,0,1,,1,0,0,0,0,0,1,0,,0,0,1,0,0,1,0,0,0,0,0,0,,1,0,0,0,0,1,,Every once in a while,Every day,No,No,Cost,N/A,Yes,Yes,N/A,0,0,0,0,0,1,0,0,0,,Few times per month,0,0,0,0,,Never,Unknown,N/A,Yes,Yes,0,1,,3,Yes,4,Family,Parent,18-24,Female,White,Yes,"Less than $25,000"
Q146,English,San Juan Del Centro,1,0,0,0,0,0,0,0,0,0,0,0,1,0,0,1,0,0,0,0,0,,1,0,0,0,0,0,,1,0,0,0,0,0,0,0,,0,0,0,1,0,0,0,0,0,0,0,0,,0,0,1,0,0,0,,Every other trip,Every day,No,No,Unknown,N/A,Yes,Yes,N/A,0,0,0,0,0,0,0,0,0,Own car,Never,0,1,0,0,,Never,Own car,N/A,Yes,Yes,1,0,,3,No,2,Family,Parent,18-24,Female,Other,Yes,"$25,000 to $49,999"
Q053,English,Orchard Grove,0,0,0,0,0,0,1,1,0,0,0,0,0,0,0,0,0,0,0,0,0,Other (Can't Afford Car),1,0,0,0,0,1,,0,0,0,0,0,0,1,1,,0,0,0,0,0,0,0,0,0,0,0,0,Other,0,0,1,0,0,0,,Most trips,Never,N/A,N/A,N/A,N/A,N/A,N/A,N/A,0,0,0,0,0,1,0,0,0,,Few times per month,0,0,0,0,,Every day,N/A,10-ride ticket book,Yes,No,1,0,,3,Yes,3,Family,Parent,25-34,Female,White,No,"Less than $25,000"
Q150,English,N/A,1,0,0,0,0,0,0,0,0,1,0,0,0,0,0,0,0,0,0,0,0,,1,0,0,0,0,0,,1,0,0,0,0,0,0,0,,0,0,1,0,0,0,0,0,0,0,0,0,,0,0,1,0,0,0,,Every other trip,Three to five times per week,No,Yes,N/A,Unknown,No,No,Family member,0,0,1,0,0,0,0,0,0,,Once per week,0,0,0,0,,Never,Unknown,N/A,No,Yes,0,1,,4,Yes,3,Family,Parent,25-34,Male,Other,Yes,"$25,000 to $49,999"
Q190,English,San Juan Del Centro,1,1,0,0,0,0,0,1,0,0,1,0,1,1,1,0,1,0,1,1,1,,1,0,0,0,0,0,,0,1,0,0,0,0,0,0,,0,1,0,1,1,1,0,1,0,1,1,1,,0,1,1,1,1,0,,Most trips,Every day,No,Yes,N/A,Unknown,No,No,Family member,1,1,0,1,0,0,0,0,0,,Few times per month,0,0,0,0,,Few times per month,N/A,10-ride ticket book,Yes,Yes,1,0,,4,Yes,3,Family,Parent,18-24,Female,White,Yes,"Less than $25,000"
Q074,English ,Orchard Grove,1,0,0,0,0,0,0,0,0,0,0,1,1,0,0,1,0,0,0,0,0,,1,0,0,0,0,0,,1,0,0,0,0,1,0,0,,0,0,1,1,0,1,1,0,0,0,0,0,,1,0,1,1,0,0,,Every trip,Every day,no,yes ,N/A,Unknown,yes,yes,N/A,0,0,1,1,0,0,0,0,0,,Weekends only,0,0,0,0,,Few times per month,N/A,Eco-Pass,Yes ,yes,1,1,,2,Unknown,1,Family,Parent,25-34,Female ,white,no,"$25,000 to $49,999"
Q171,English,San Juan Del Centro,1,0,0,0,0,0,0,0,0,0,0,0,0,0,0,0,0,0,0,0,1,,1,0,0,0,0,0,,1,0,0,0,0,0,0,0,,0,0,0,0,0,0,0,0,0,0,0,1,,0,0,1,0,0,0,,Every other trip,Every day,No,No,Unknown,N/A,Yes,Yes,N/A,0,0,0,0,0,0,0,0,0,,Once per week,0,0,0,0,,Every day,N/A,10-ride ticket book,No,Yes,1,0,,7,Yes,4,Family,Parent,Unknown,Unknown,Unknown,Unknown,Unknown
Q158,Spanish,San Juan Del Centro,0,0,0,0,0,0,1,0,0,0,1,0,0,0,0,0,0,0,0,0,0,,1,0,0,0,0,0,,0,0,0,0,0,0,1,0,,0,1,0,0,0,0,0,0,0,0,0,0,,0,1,0,0,0,1,,Every trip,Weekends only,Unknown,Unknown,Unknown,Unknown,No,No,N/A,0,1,0,0,0,0,0,0,0,,Never,0,0,0,0,,Few times per month,N/A,Cash,No,No,0,0,,3,Yes,4,Family,Parent,18-24,Female,Other,Yes,"Less than $25,000"
Q175,English,N/A,1,0,0,0,0,0,0,0,0,0,0,1,1,0,0,0,0,0,0,0,1,,1,0,1,0,1,0,,1,0,0,0,0,0,0,0,,0,0,1,1,0,0,0,0,0,0,0,1,,0,0,1,1,0,1,,Every other trip,Every day,No,No,Have not tried,N/A,Yes,Yes,N/A,0,0,0,0,0,0,0,0,0,Own car,Once per week,0,0,0,0,,Never,Unknown,N/A,No,Yes,1,1,,6,Yes,3,Family,Parent,Unknown,Unknown,Unknown,Unknown,Unknown
Q065,English,Boulder Meadows,0,0,0,0,0,0,0,1,0,0,1,0,0,0,0,0,0,0,0,0,0,,1,0,0,0,0,0,,0,0,0,0,0,0,0,1,,0,0,0,0,0,0,1,0,0,0,0,0,,0,0,0,1,0,0,,Every other trip,Never,N/A,N/A,N/A,N/A,N/A,N/A,N/A,0,0,0,1,0,0,0,0,0,,Never,0,0,0,0,,Every day,N/A,cash,no,yes,1,1,,6,no,3,Family,Parent,25-34,Male,Asian,no,"Less than $25,000"
Q023,English,Boulder Meadows,1,0,0,0,0,0,0,0,0,1,0,1,1,0,0,0,0,0,0,1,1,,1,0,1,0,1,0,,1,0,0,0,1,0,0,0,,1,0,1,1,0,0,1,0,0,0,0,0,Other (Enjoyment),0,1,1,1,0,0,Other (hiking),Every once in a while,Every day,Yes,N/A,N/A,Unknown,Yes,Yes,N/A,0,0,0,0,0,0,0,0,0,Don't need,Once per week,0,0,1,0,,Never,Unknown,N/A,Yes,Yes,1,1,,4,No,3,Family,Parent,55-64,Male,Other,Yes,"$25,000 to $49,999"
Q109,Spanish,Orchard Grove,1,0,0,0,0,0,0,0,0,0,0,0,1,0,0,0,0,0,0,0,0,,1,0,0,0,0,0,,1,0,0,0,0,0,0,0,,0,0,1,0,0,0,0,0,0,0,0,0,,0,1,1,1,0,0,,Every trip,Every day,No,No,Unknown,N/A,Unknown,Yes,N/A,0,0,0,0,0,0,0,1,0,Don't need,Never,0,0,0,0,Other (family),Never,Unknown,N/A,No,Yes,0,1,Cell,6,Yes,3,Family,Parent,35-44,Female,Other,Yes,"Less than $25,000"
Q018,English,Boulder Meadows ,1,0,0,0,0,0,0,0,0,0,0,1,1,1,0,1,0,0,1,1,0,,0,0,1,1,0,0,,1,0,0,0,1,0,1,0,,0,0,1,1,1,1,0,0,0,1,1,0,,0,0,1,1,0,0,,Most trips,Every day,Yes,N/A,N/A,N/A,Yes,Yes,N/A,0,0,0,0,0,0,0,0,0,Don't need,Few times per month,0,0,0,0,,Never,Unknown,N/A,Yes,Yes,1,0,,3,Unknown,2,Family,Parent,65-74,Male,White,No,"$75,000 to $99,999"
Q078,English ,Orchard Grove,0,1,0,0,0,0,0,1,0,1,1,1,1,0,0,0,0,0,1,1,1,,1,0,0,1,0,0,,0,1,0,0,0,0,1,1,,1,1,1,1,0,1,0,1,1,1,1,0,,0,0,1,1,1,0,,Most trips,never,no,No,Cost,N/A,no,no,Family Member and friend,0,1,0,1,0,0,0,0,0,,never,0,1,0,1,,Few times per month,N/A,cash,Yes ,yes,1,1,,5,yes,2,Family,Parent,under 18,Female ,Unknown,no,"Less than $25,000"
Q082,English ,Orchard Grove,1,0,0,0,0,0,0,1,0,0,1,1,1,0,0,0,0,0,0,1,1,,1,0,1,0,0,0,,1,0,0,0,0,0,0,0,,0,1,1,1,0,0,0,0,0,1,0,1,,1,0,1,0,1,0,,Most trips,Every day,no,no,Unknown,N/A,no,no,Family Member,0,1,0,0,0,1,0,0,0,,never,1,0,0,0,,Every day,N/A,Eco-Pass,Yes ,yes,1,1,,3,yes,3,Family,Parent,under 18,Female,other,yes,Unknown
Q039,English ,Orchard Grove,0,0,0,0,0,0,0,0,Work from home,0,0,0,0,0,0,0,0,0,0,0,0,Other,0,0,0,0,0,0,Other,0,0,0,0,0,0,0,1,Other,1,0,0,1,0,0,1,0,0,1,0,0,Other (Driving Phobia),0,1,1,1,0,0,,Most trips,Never,N/A,N/A,N/A,N/A,N/A,N/A,N/A,1,1,0,1,0,0,0,0,0,,Never,1,0,0,0,,Weekends Only,Unknown,Other (Phone app),Yes ,Yes,1,1,,2,No,3,"Family, Friends, Self",Parent,45-54,Female,Other,Yes,"$25,000 to $49,999"
Q176,English,San Juan Del Centro,0,0,0,0,1,0,1,1,0,0,0,0,0,0,1,0,0,0,0,0,0,Other (Cannot drrive far for medical reasons),1,0,1,0,0,1,,0,0,0,0,0,0,0,0,,0,0,0,1,1,1,1,0,0,0,0,0,Other (unable to drive),0,0,0,1,0,0,Other (hiking),Every trip,Never,No,No,Cost,N/A,N/A,Yes,N/A,0,1,0,0,0,0,0,0,0,,Every day,0,0,0,0,,Few times per month,N/A,10-ride ticket book,Yes,Yes,1,1,,4,Yes,4,Health,Parent,35-44,Female,White,No,"$50,000 to $74,999"
Q031,English,Boulder Meadows,1,0,0,0,0,0,1,0,0,1,1,1,1,0,0,1,0,0,0,0,1,,0,1,1,0,0,0,Other (Visiting Family),1,0,0,0,0,0,1,0,,1,1,1,1,0,0,1,0,0,0,0,1,,0,0,1,1,0,0,Other (visiting family),Most trips,Three to five times per week,No,No,Cost,N/A,Yes,Yes,N/A,0,0,0,0,0,1,1,1,0,,Unknown,0,0,0,1,,Never,Inconvenient,N/A,Yes,No,0,0,,2,No,4,Self,Parent,75+,Female,White,No,"Less than $25,000"
Q083,English ,Orchard Grove,0,1,0,0,0,0,0,1,0,0,1,1,1,1,0,0,0,1,1,1,0,,1,0,1,0,1,0,,1,0,0,0,0,0,1,1,,0,1,1,1,0,0,0,0,0,0,0,0,,0,0,1,0,0,0,,Most trips,Every day,no,no,Unknown,N/A,no,no,Family Member,0,1,0,0,0,0,0,0,0,,never,0,1,0,0,,Every day,N/A,cash,no,yes,1,1,,2,no,3,Self,Parent,Unknown,Unknown,Unknown,Unknown,Unknown
Q174,English,Boulder Meadows,1,0,0,0,0,0,0,0,0,0,0,0,1,0,0,0,0,0,0,0,0,,1,0,1,0,0,0,,1,0,0,0,0,0,0,0,,0,0,0,1,0,0,0,0,0,0,0,0,,0,0,1,0,0,0,,Most trips,every day,no,No,Do not like (preference),N/A,no,yes,N/A,0,0,0,0,0,0,0,0,0,Own car,never,0,1,0,0,,never,Unknown,N/A,yes,yes,1,0,,3,yes,3,Self,Parent,25-34,female,other,yes,"less than $25,000"
Q148,English,San Juan Del Centro,1,0,0,0,0,0,0,0,0,0,0,0,1,0,0,0,0,0,0,0,1,,1,0,0,0,0,0,,1,0,0,0,0,0,0,0,,0,0,0,1,0,0,0,0,0,1,0,0,,0,0,1,1,0,0,,Every trip,Every day,No,No,Unknown,N/A,Yes,Yes,N/A,0,0,0,0,0,0,0,0,0,Inconvenient,Never,1,1,0,0,,Never,Inconvenient,N/A,Yes,Yes,0,1,,4,Yes,3,Self,Parent,25-34,Female,White,Yes,"$25,000 to $49,999"
Q181,English,San Juan Del Centro,1,0,0,0,0,0,0,0,0,0,0,0,0,0,0,0,0,0,0,0,0,Other (Commute Distance),1,0,0,0,0,0,,0,0,0,0,1,0,0,0,,0,0,0,1,1,1,0,0,0,0,0,0,,0,0,1,1,1,0,,Every once in a while,Every weekday,No,Unknown,Unknown,Unknown,Yes,Yes,N/A,0,0,0,0,0,1,0,0,0,,Weekends only,0,1,0,0,,Few times per month,N/A,Cash,Yes,Yes,1,1,,4,Yes,4,Self,Parent,35-44,Male,White,No,"$75,000 to $99,999"
Q047,English,Orchard Grove,1,0,0,0,0,0,0,0,0,0,0,1,1,0,0,0,0,0,0,0,1,,1,0,0,0,0,0,,1,0,0,0,1,0,0,0,,0,0,0,1,0,1,0,0,1,0,0,0,,0,0,1,1,1,0,,Every once in a while,Every weekday,No,Yes,N/A,Unknown,No,Yes,N/A,0,0,0,0,0,0,0,0,0,Other,Once per week,0,0,0,0,,Never,Inconvenient,N/A,Yes,Yes,1,0,,2,No,2,Self,Parent,25-34,Female,Unknown,Unknown,"Less than $25,000"
Q126,Spanish,San Juan Del Centro,0,0,0,0,0,0,0,1,0,0,0,0,0,0,0,0,0,0,0,0,0,Other,0,1,0,1,0,0,Other,0,0,0,0,0,0,0,1,,0,0,0,0,0,0,0,0,0,0,0,0,Other,0,0,1,0,1,0,Other,Most trips,Never,No,Unknown,Unknown,Unknown,No,No,N/A,0,0,0,0,0,1,0,0,0,,Never,0,0,0,0,Other,Every day,N/A,Cash,No,No,0,0,,3,No,4,Self,Parent,55-64,Female,Other,Yes,"$25,000 to $49,999"
Q161,English ,San Juan Del Centro,1,0,0,0,0,0,0,0,0,0,0,0,0,1,0,0,0,0,0,1,0,,0,1,1,0,0,0,Other (Grocery),0,0,0,0,0,0,0,1,,1,0,0,0,0,0,0,0,0,1,0,0,,0,0,1,1,0,0,,Every other trip,Every day,Yes,N/A,N/A,N/A,Unknown,No,Family member,0,1,0,0,0,0,0,0,0,,Never,1,0,0,0,,Few times per month,N/A,Cash,Yes,Yes,1,0,,6,No,2,Unknown,Parent,Unknown,Female,Other,Yes,"Less than $25,000"
Q071,English,Orchard Grove,1,0,0,0,0,0,0,1,0,0,1,0,1,0,0,0,1,0,1,0,1,,1,0,0,0,0,0,,1,0,0,0,0,0,0,0,,0,0,0,1,0,0,0,0,0,0,0,0,,0,0,1,1,0,0,,Most trips,Three to five times per week,no,Unknown,Unknown,Unknown,n/a,n/a,n/a,0,0,0,0,0,0,0,0,0,Don't need,Few times per month,0,0,0,0,Other (too much time),Three to five times per week,Unknown,cash,no,yes,1,1,,Unknown,Unknown,3,Unknown,Parent,under 18,Female,other,yes,Unknown
Q108,Spanish,Orchard Grove,1,0,0,0,0,0,0,1,0,0,1,1,1,0,0,0,0,0,0,0,1,,1,0,0,0,0,1,,1,0,0,0,0,0,1,1,,0,1,1,1,0,0,0,0,0,0,0,0,,0,0,0,1,1,1,,Most trips,Three to five times per week,Unknown,Unknown,Unknown,Unknown,Yes,No,Family member,1,0,0,1,0,0,0,0,0,,Never,1,0,0,0,,Few times per month,N/A,Cash,No,Yes,1,1,,6,Yes,4,Family and Friends,"Parent, Children",18-24,Female,Other,Yes,"$25,000 to $49,999"
Q189,English,San Juan Del Centro,0,0,0,0,0,0,1,1,0,0,0,0,0,0,0,1,0,0,0,0,0,,1,0,0,0,0,0,,0,0,0,0,0,0,0,1,,0,0,0,0,0,0,1,0,0,0,0,0,,0,0,0,0,0,0,,Every trip,Few times per month,No,No,Cost,N/A,Yes,Yes,N/A,1,0,0,0,0,1,0,0,0,,Never,1,0,0,0,,Three to five times per week,Unknown,Cash,No,Yes,1,1,,5,Yes,2,Family,Family,25-34,Female,Other,Yes,"Less than $25,000"
Q113,Spanish,San Juan Del Centro,1,0,0,0,0,0,1,0,0,1,0,1,0,0,0,0,0,0,0,0,0,,0,0,0,0,0,0,,1,0,0,0,0,0,0,0,,1,0,0,0,0,0,0,0,0,0,0,0,,0,0,1,0,0,0,,Every once in a while,Every weekday,Yes,N/A,N/A,N/A,No,Yes,N/A,0,0,0,0,0,1,0,0,0,,Once per week,0,0,0,0,,Few times per month,N/A,Cash,No,No,0,0,,6,No,1,Family,Self,65-74,Male,Other,Yes,"Less than $25,000"
Q088,Spanish,San Juan Del Centro,0,1,0,0,0,0,0,0,0,1,0,0,0,0,0,0,0,1,0,0,0,,0,1,1,0,0,0,,0,0,0,0,0,0,0,1,,1,0,0,0,0,0,0,0,1,0,0,0,,1,0,0,0,0,0,,Every trip,Every day,No,No,Unknown,N/A,Yes,Yes,N/A,0,0,0,0,0,0,0,0,0,,Weekends only,0,0,1,0,,Weekends only,Unknown,Cash,Yes,Yes,1,0,,5,Yes,4,Family,Self,35-44,Female,White,Yes,"$25,000 to $49,999"
Q200,English,N/A,1,0,0,0,0,0,0,0,0,0,1,1,1,0,0,1,0,1,0,0,1,,1,0,1,0,0,0,,1,0,0,0,0,0,0,0,,0,1,1,1,0,0,0,0,0,0,0,1,,1,0,1,0,1,1,,Most trips,Every day,No,No,Cost,N/A,Yes,No,N/A,0,0,0,0,0,1,0,0,0,,Never,1,0,0,0,,Never,Unknown,N/A,Yes,Yes,1,1,,4,Yes,3,Family,Self,35-44,Female,Other,Yes,Unknown
Q183,English,Boulder Meadows,0,0,0,0,0,1,0,1,0,0,1,0,1,0,0,0,0,0,0,0,0,,0,0,0,0,0,1,,0,0,0,0,0,1,1,1,,0,0,0,1,0,0,0,0,0,1,1,0,,0,0,0,1,0,0,,Every trip,Never,No,Unknown,Unknown,Unknown,No,No,Family member,0,0,0,0,0,0,0,0,1,,Once per week,0,0,0,0,,Few times per month,N/A,Cash,No,Yes,1,0,,5,Yes,1,Family,Self,18-24,Female,Other,Yes,"$50,000 to $74,999"
Q115,Spanish,San Juan Del Centro,1,0,0,0,0,0,0,0,0,0,0,0,0,0,0,0,0,0,0,0,0,Other (No Bus Route From My House To Work),1,1,1,0,0,0,,1,0,0,0,0,0,0,0,,1,0,0,0,0,0,0,0,0,0,0,0,,0,0,1,1,0,0,,Every other trip,Every day,No,Yes,N/A,Unknown,Yes,Yes,N/A,0,1,0,0,0,0,0,0,0,,Never,1,0,0,0,,Never,Unknown,N/A,Yes,Yes,1,1,,1,No,3,Family,Self,45-54,Female,White,Yes,"$50,000 to $74,999"
Q069,English ,Boulder Meadows,0,0,0,0,0,0,0,1,0,1,0,0,0,0,0,0,0,0,0,0,0,Other (Lost license),1,1,1,0,0,0,,0,0,0,1,0,0,1,0,Other,1,1,1,0,0,0,0,1,1,0,0,0,,0,1,1,0,0,0,,Every trip,Unknown,no,Unknown,Unknown,Unknown,N/A,no,N/A,0,1,0,0,0,0,0,0,0,,Every day,0,0,0,0,,Every day,N/A,N/A,Unknown,No,1,1,,2,no,1,Self,Self,Unknown,Unknown,Asian,no,Unknown
Q182,English,Boulder Meadows,1,0,0,0,0,0,0,0,0,1,1,1,1,0,0,1,0,0,0,0,1,,1,1,1,0,0,0,,1,0,0,0,0,0,0,0,,1,0,0,1,0,0,1,0,0,1,0,0,,1,0,1,0,0,0,,Most trips,Every day,Yes,N/A,N/A,N/A,Yes,Yes,N/A,0,0,0,0,0,0,0,1,0,,Never,1,0,0,0,,Unknown,Unknown,Cash,Yes,No,1,1,,2,No,3,Self,Self,55-64,Female,Asian,No,"Less than $25,000"
Q129,Spanish,San Juan Del Centro,0,0,0,0,0,0,1,1,0,0,0,0,1,0,0,0,0,0,0,0,0,Other,1,1,1,0,0,1,,0,0,0,0,0,0,1,1,,0,0,0,1,0,0,0,0,0,0,0,0,,0,0,1,1,1,0,,Most trips,Every day,No,No,Unknown,N/A,No,No,N/A,0,0,0,0,0,1,0,1,0,,Never,0,0,0,0,,Every day,N/A,Cash,No,No,1,0,,Unknown,Unknown,4,Self,Self,35-44,Female,Other ,Yes,"Less than $25,000"
Q193,English ,San Juan Del Centro ,1,0,0,0,0,0,0,1,0,0,0,0,1,0,0,0,0,0,0,0,0,Other,1,1,0,0,0,0,Other,1,0,0,0,0,0,0,1,,1,0,0,0,0,0,0,0,0,0,0,0,Other,0,0,1,0,0,0,Other,Most trips,Every day,No,No,Cost,N/A,No,Yes,N/A,0,0,0,0,0,0,0,0,0,,Never,0,0,0,0,,Every day,N/A,Cash,No,No,0,0,,4,No,4,Self,Self,35-44,Female,Other,Yes,"Less than $25,000"
Q020,English,Boulder Meadows,0,1,0,0,0,0,0,0,0,1,0,0,0,0,0,0,0,0,1,0,1,,0,0,0,0,0,0,Other (Non-profit work in Boulder and Denver),0,1,0,0,0,0,0,1,,1,1,0,1,0,0,0,0,0,1,1,0,,0,0,1,1,0,0,,Every trip,Once per week,No,Unknown,Unknown,Unknown,Yes,No,N/A,0,1,0,1,0,0,0,0,1,,Few times per month,0,0,0,0,,Once per week,Unknown,Cash,Yes,Yes,1,0,,3,Unknown,1,Self,Sibling,25-34,Female,American Indian,Yes,"Less than $25,000"
Q172,English,Vista Ridge,1,0,0,0,0,0,0,0,0,0,0,0,1,0,0,0,0,0,1,0,1,,1,0,0,0,0,0,,1,0,0,0,0,0,0,0,,0,0,0,1,0,0,0,0,0,1,0,1,,1,0,1,0,1,1,,Most trips,Every day,No,No,Have not considered,N/A,Yes,No,N/A,0,0,0,0,0,0,0,0,1,,Never,1,0,0,0,,Never,Unknown,N/A,Yes,Yes,1,0,,6,Yes,3,Family,Signficant other,35-44,Female,Other,Yes,Unknown
Q080,Spanish,Boulder Meadows,1,0,0,0,0,0,0,0,0,0,0,0,0,0,0,0,0,0,0,0,0,,0,0,0,0,0,0,,1,0,0,0,0,0,0,0,,0,0,0,0,0,0,0,0,0,0,0,1,,1,1,1,1,1,1,,N/A,Unknown,Unknown,Unknown,Unknown,Unknown,N/A,N/A,N/A,0,0,0,0,0,0,0,0,0,,Never,0,1,0,0,Other (children),Never,Unknown,N/A,Yes ,Yes,1,0,,6,Yes,4,Family,Signficant other,35-44,Female,Other,Yes,"$50,000 to $74,999"
Q098,Spanish,Broadway,1,0,0,0,0,1,1,1,0,1,0,0,1,0,1,0,0,1,0,0,0,,1,1,1,1,1,0,,0,0,0,0,1,0,1,1,,0,0,1,0,1,1,1,1,0,0,0,0,,1,1,1,1,1,0,,Most trips,Every weekday,No,No,Cost,N/A,Yes,N/A,N/A,0,0,0,0,0,0,0,0,0,,Every day,0,0,0,0,,Three to five times per week,Unknown,Eco-Pass,Unknown,Unknown,1,0,,6,Yes,4,Family,Signficant other,Unknown,Unknown,Unknown,Unknown,Unknown
Q063,English ,Boulder Meadows,1,0,0,0,0,0,0,0,0,0,0,1,1,0,0,0,0,0,0,1,1,,1,0,0,0,0,1,,1,0,0,0,0,0,0,0,,0,0,1,1,0,0,0,0,0,0,1,1,,0,0,0,1,0,1,,Every other trip,Every day,No,No,Unknown,N/A,Yes,Yes,N/A,0,1,1,0,0,0,0,0,0,,Never,1,0,0,0,,Few times per month,N/A,Cash,Yes,yes,1,1,,5,yes,3,Family,Signficant other,25-34,Female,Asian,no,"$50,000 to $74,999"
Q005,English,Boulder Meadows,0,1,0,0,0,0,0,1,0,1,1,1,1,1,0,1,1,1,1,1,1,,1,0,1,0,0,0,,0,1,0,0,0,0,0,1,,1,1,1,1,1,0,1,1,1,1,1,1,,0,1,0,0,0,0,,Most trips,Never,N/A,N/A,N/A,N/A,N/A,N/A,Family Member,0,1,0,0,0,0,0,1,0,,Never,1,0,0,0,,Every day,N/A,Eco-Pass,Yes,Yes,1,0,,3,Yes,3,Family,Signficant other,25-34,Female,Asian,No,"$25,000 to $49,999"
Q100,Spanish,Broadway,1,0,0,0,0,0,0,0,0,0,0,0,1,0,0,0,0,0,0,1,0,,1,1,1,0,1,0,,0,0,0,0,0,0,1,0,,0,0,0,0,0,1,0,0,0,0,0,0,,0,1,0,0,1,0,,Most trips,Every day,No,Yes,N/A,Unknown,No,Yes,N/A,1,1,0,0,0,1,0,0,0,,Few times per month,1,0,0,0,,Once per week,Unknown,Cash,No,No,0,1,,4,Yes,3,Family,Signficant other,35-44,Female,Other,Yes,"Less than $25,000"
Q007,English,Boulder Meadows,1,0,0,0,0,0,0,0,0,0,0,0,0,0,0,0,0,0,0,0,1,,1,0,1,0,0,1,,1,0,0,0,0,0,0,0,,0,0,1,0,0,0,0,0,0,0,0,0,,0,0,1,0,0,0,,Most trips,Every day,No,Yes,N/A,Unknown,Yes,Yes,N/A,0,1,0,0,0,0,0,0,0,,Never,1,0,0,0,,Few times per month,N/A,Cash,Yes,Yes,1,0,,3,Yes,3,Family,Signficant other,35-44,Male,Asian,No,"$50,000 to $74,999"
Q015,English,Boulder Meadows,1,0,0,0,0,0,0,0,0,0,0,1,0,0,0,0,0,0,0,0,1,,1,0,0,0,0,0,,1,0,0,0,0,0,0,0,,0,0,1,1,0,0,0,0,0,0,0,0,,0,0,1,0,0,0,,Most trips,Every day,No,No,Unknown,N/A,Yes,Yes,N/A,0,0,0,0,0,0,0,0,0,Don't need,Never,1,0,0,0,,Unknown,Unknown,Cash,Yes,Yes,1,0,,4,No,Unknown,Family,Signficant other,25-34,Male,Asian,No,"$25,000 to $49,999"
Q034,English,Boulder Meadows,1,0,0,0,0,0,0,0,0,0,0,1,0,0,0,0,0,0,0,0,0,,1,0,1,0,0,0,,1,0,0,0,0,0,0,0,,0,0,1,0,0,0,0,0,0,0,0,0,,0,0,1,0,0,0,,Most trips,Every day,No,No,Unknown,N/A,Yes,No,Friend,0,0,0,0,0,0,0,0,0,Own car,Never,1,0,0,0,,Few times per month,N/A,Cash,Yes,Yes,1,1,,4,No,4,"Family, Significant other",Signficant other,45-54,Male ,Asian,No,Unknown
Q030,English,Boulder Meadows,0,1,0,0,0,0,0,0,0,0,0,0,0,0,0,0,0,0,0,0,0,"Other (Do Not Drive, Newborn Child)",0,1,1,0,0,0,,0,1,0,0,0,0,0,0,,0,0,0,0,0,0,0,0,0,0,0,0,"Other (Do not drive, Newborn Child)",0,1,1,0,0,0,,Every once in a while,Never,N/A,N/A,N/A,N/A,N/A,N/A,N/A,0,1,0,0,0,1,0,0,0,,Never,1,0,0,0,,Never,Unknown,Cash,Yes,Yes,0,0,,3,Yes,2,Self,Signficant other,25-34,Female,Asian,No,Unknown
Q029,Spanish,Boulder Meadows,1,0,0,0,0,0,0,0,0,0,0,0,0,0,0,0,0,0,0,0,1,,0,1,0,0,0,0,,0,0,0,0,0,0,1,0,,0,0,0,0,1,0,0,0,0,0,0,0,,0,0,0,1,0,0,Other (play),Every once in a while,Every day,No,No,Unknown,N/A,Yes,No,N/A,0,0,0,0,0,0,0,1,0,,Never,1,0,0,0,,Never,Unknown,N/A,No,Yes,1,1,,4,Yes,4,Self,Signficant other,Unknown,Male,Other,Yes,Unknown
Q090,Spanish,Broadway,0,0,0,0,0,0,0,0,0,0,0,0,0,0,0,0,0,0,0,0,0,,0,0,0,0,0,0,,0,0,0,0,0,0,1,1,,0,0,0,0,0,1,0,0,0,0,0,0,,1,0,0,0,1,0,,Every trip,Once per week,No,No,Unknown,N/A,No,N/A,Family member,0,1,0,0,0,0,0,0,0,Don't need,Few times per month,0,0,0,0,,Every day,N/A,Eco-pass ,No,Yes,1,0,,5,Yes,3,Self,Signficant other,Unknown,Female,White,Yes,Unknown
Q110,Spanish,Boulder Meadows,1,0,0,0,0,0,0,0,0,0,0,0,0,0,0,0,0,0,0,0,1,,1,0,1,0,0,0,,0,0,0,0,0,0,1,0,,0,0,0,0,1,0,0,0,0,0,0,0,,0,0,0,1,1,0,,Every once in a while,Every day,No,No,Unknown,N/A,Yes,Yes,N/A,0,0,0,0,0,0,0,1,0,,Never,1,0,0,0,,Never,Unknown,N/A,No,Yes,1,1,,4,Yes,4,Self,Signficant other,Unknown,Female,Other,Yes,Unknown
Q164,English ,Boulder Meadows,1,0,0,0,0,0,0,1,0,0,0,0,1,0,0,0,0,0,1,1,0,,1,0,0,0,0,0,,1,0,0,0,0,0,0,1,,0,1,0,1,0,0,0,0,0,0,0,0,,0,0,1,1,0,1,,Most trips,Three to five times per week,No,No,Cost,N/A,Yes,Yes,N/A,0,0,0,1,0,0,0,0,1,,Never,1,0,0,0,,Once per week,Unknown,Eco-Pass,Yes,Yes,1,1,,6,Yes,2,Signficant other,Signficant other,45-54,Female,Asian,No,"Less than $25,000"
Q167,English,Boulder Meadows,1,0,0,0,0,0,0,1,0,0,0,0,1,0,0,0,0,0,1,0,0,,1,0,0,0,0,0,,1,0,0,0,0,0,0,1,,1,0,0,0,0,0,0,0,0,1,1,0,,0,0,0,1,0,0,,Every Trip,Every weekday,No,Unknown,Unknown,Unknown,Yes,Yes,N/A,0,0,1,1,1,0,1,0,0,,Never,1,0,0,0,,Three to five times per week,Unknown,Eco-Pass,Yes,Yes,1,1,,4,No,2,Signficant other,Signficant other,25-34,Female,Asian,No,"Less than $25,000"
Q194,English,Boulder Meadows,1,0,0,0,0,0,0,1,0,0,0,0,1,0,0,0,0,0,1,0,0,,1,0,0,0,0,0,,1,0,0,0,0,0,0,1,,1,0,0,0,0,0,0,0,0,1,1,0,,0,0,0,1,0,0,,Every trip ,Every weekday,No,Unknown,Unknown,Unknown,Yes,Yes,N/A,0,0,1,1,1,0,1,0,0,,Never,1,0,0,0,,Three to five times per week,Unknown,Eco-Pass,Yes,Yes,1,1,,4,No,3,Signficant other,Signficant other,25-34,Female,Asian,No,"Less than $25,000"
Q064,English,Boulder Meadows,0,0,0,0,0,0,0,0,Other,0,0,1,0,0,0,0,0,0,0,0,0,,1,0,0,0,0,0,,0,0,0,0,0,0,0,1,,0,0,0,0,0,0,0,0,0,0,0,0,,0,0,1,0,0,1,,n/a,Never,N/A,N/A,N/A,N/A,N/A,N/A,N/A,0,1,0,0,0,1,0,0,0,,Never,1,0,0,0,,Few times per month,N/A,Cash,Yes ,yes,1,1,,4,yes,4,Signficant other,Signficant other,25-34,Female,Asian,no,"$25,000 to $49,999"
Q033,English,Boulder Meadows,0,0,0,0,0,0,0,1,0,0,0,0,1,0,0,0,0,0,1,1,0,,1,0,0,0,0,0,,0,1,0,0,0,0,0,0,,0,0,1,0,0,0,0,0,0,0,0,1,,0,0,1,0,0,0,,Most trips,Unknown,Unknown,Unknown,Unknown,Unknown,N/A,N/A,N/A,0,1,0,0,0,0,0,1,0,,Never,1,0,0,0,,Every weekday,N/A,Eco-Pass,Yes ,Yes,1,0,,4,No,3,Signficant other,Signficant other,35-44,Female,Asian,No,Unknown
Q124,Spanish,Broadway,1,0,0,0,0,0,0,0,0,0,0,0,0,0,0,0,0,0,0,0,1,,1,0,1,0,0,0,,0,0,0,0,0,0,1,0,,1,0,1,0,1,1,1,0,0,0,0,0,,0,0,1,1,0,0,,Every other trip,Every day,Yes,N/A,N/A,N/A,Yes,Yes,N/A,0,0,0,0,0,0,0,0,0,Own car,Never,1,0,0,0,,Once per week,Unknown,Cash,No,Yes,1,0,,5,Yes,4,Signficant other,Signficant other,35-44,Female,Unknown,Yes,"Less than $25,000"
Q142,English,Broadway West,1,0,0,0,0,0,0,0,0,0,0,0,0,0,0,0,0,0,1,0,0,,1,1,0,0,0,1,,1,0,0,0,0,0,0,0,,0,0,1,0,0,0,1,0,1,0,0,0,,0,1,1,1,0,0,,Most trips,Never,Yes,N/A,N/A,N/A,Yes,Yes,N/A,0,0,0,0,0,0,0,0,0,Other,Never,1,0,0,0,,Never,Own car,N/A,No,Yes,0,0,,5,No,1,Signficant other,Signficant other,25-34,Female,Other,Yes,"Less than $25,000"
Q201,English,San Juan Del Centro,0,0,0,0,1,0,0,0,0,0,0,1,1,1,1,1,1,1,1,1,1,,1,0,0,0,0,0,,0,0,0,0,1,0,0,0,,0,1,0,1,1,1,1,0,0,0,0,0,,0,0,1,1,0,0,Other (meditation),Every other trip,Once per week,No,No,Have not considered,N/A,Yes,Yes,N/A,0,0,0,1,0,0,0,0,0,,Every weekday,0,0,0,0,,Few times per month,N/A,Cash,Yes,Yes,1,1,,2,No,2,Significant other,Signficant other,Unknown,Unknown,Unknown,Unknown,Unknown
Q093,Spanish,Broadway,1,0,0,0,1,0,0,0,0,0,0,0,0,0,0,1,0,0,0,0,0,,1,1,1,0,0,0,,1,0,0,0,1,0,1,0,,0,0,0,1,0,0,0,0,0,0,0,0,,0,0,0,0,0,0,,Every trip,Every day,Unknown,Unknown,Unknown,Unknown,Yes,No,N/A,0,0,0,0,0,0,0,0,0,,Every day,0,0,0,0,,Few times per month,N/A,N/A,Unknown,Unknown,0,0,,5,Yes,3,Unknown,Signficant other,35-44,Female,White,Yes,"$25,000 to $49,999"
Q104,Spanish,Broadway,1,0,0,0,0,0,0,0,0,0,0,0,0,0,0,0,0,0,0,0,0,,1,1,1,0,1,0,,1,0,0,0,0,0,0,1,,0,0,0,0,0,0,1,0,0,0,1,0,,0,1,1,0,0,0,,Every trip,Every day,Unknown,Unknown,Unknown,Unknown,No,Yes,N/A,1,1,0,0,0,0,0,0,0,,Never,1,0,0,0,,Few times per month,N/A,Cash,No,No,1,0,,7,No,4,Unknown,Signficant other,35-44,Female,Unknown,Yes,"Less than $25,000"
Q008,English,Boulder Meadows,1,0,0,0,0,0,0,1,0,0,0,0,1,0,0,0,0,0,1,0,1,,1,0,0,0,0,0,,1,0,0,0,0,0,0,1,,0,0,0,1,0,0,0,0,0,1,0,1,,0,0,1,0,0,0,,N/A,Every day,No,No,No need,N/A,Yes,Yes,N/A,0,1,0,0,0,0,0,0,0,,Never,1,0,0,0,,Few times per month,N/A,Eco-Pass,Yes,Yes,1,0,,5,No,3,Unknown,Signficant other,45-54,Male,Asian,No,"$25,000 to $49,999"
Q062,English ,Boulder Meadows,1,0,0,0,0,0,0,0,0,0,0,1,1,0,0,0,0,0,0,1,1,,1,0,0,0,0,0,,1,0,0,0,0,0,0,0,,0,0,1,1,0,0,0,0,0,0,1,1,,0,0,0,1,0,1,,Every other trip,Every day,no,no,Unknown,N/A,yes,yes,N/A,0,0,0,0,0,0,0,0,0,,never,1,0,0,0,,Few times per month,N/A,cash,Yes ,yes,1,1,,5,yes,3,Unknown,Signficant other,35-44,Male ,asian,no,"$50,000 to $74,999"
Q028,Spanish,Boulder Meadows,1,0,0,0,0,0,0,0,0,1,0,0,0,0,0,0,0,0,0,1,0,,1,0,0,0,0,1,,1,0,0,0,0,1,0,1,,0,0,1,1,0,0,1,0,0,0,0,0,,0,0,1,0,0,0,,Every trip,Every weekday,No,Unknown,Unknown,Unknown,Yes,Yes,N/A,0,0,0,0,0,0,0,0,0,Other,Few times per month,0,0,0,0,,Every day,N/A,Eco-Pass,Yes,Yes,1,0,,3,Unknown,4,Work,Spiderman,25-34,Male,Other,Yes,"$50,000 to $74,999"
Q024,English,Boulder Meadows,0,1,0,0,0,0,0,0,0,1,0,1,1,0,1,0,0,0,0,1,0,Other (Do Not Work),0,1,0,0,0,0,,0,0,0,0,0,0,0,0,,1,0,1,1,0,1,0,0,0,0,1,0,Other (needs to be driven by family),0,1,0,0,0,0,,Every once in a while,Once per week,Yes,No,Family member owns,N/A,No,No,Family Member,0,1,0,0,0,0,0,0,1,,Never,0,0,0,0,Other (limited mobility),Never,Limited mobility,N/A,Yes,No,1,0,,3,No,2,Family,Spiritual Teachers,65-74,Female,White,No,"Less than $25,000"
Q106,Spanish,Orchard Grove,1,0,0,0,0,0,0,0,0,1,0,1,1,0,0,1,0,0,1,0,1,,1,1,1,0,0,1,,1,0,0,0,0,0,1,0,,0,0,1,0,1,1,1,1,0,0,0,1,,0,1,0,0,0,1,,Most trips,Every day,No,No,Unknown,N/A,No,Yes,N/A,0,0,0,0,0,1,0,1,0,,Never,1,0,0,0,,Never,Unknown,Cash,No,Yes,1,0,,5,Yes,3,Family,Superman,45-54,Female,White,Yes,"Less than $25,000"
Q042,English,Orchard Grove,0,0,0,0,0,0,1,1,0,0,0,0,1,1,0,0,0,1,1,0,0,,1,0,0,1,0,0,,0,0,0,0,0,0,1,1,,0,0,0,1,1,0,0,0,1,1,0,0,,1,1,1,1,0,0,,Most trips,Three to five times per week,No,Yes,N/A,Unknown,No,Yes,N/A,0,0,0,1,0,1,0,0,0,,Three to five times per week,0,0,0,0,,Every weekday,N/A,Eco-Pass,Yes ,Yes,1,1,,3,Yes,2,Family,Superman,18-24,Male,Other,Yes,"Less than $25,000"
Q107,Spanish,Orchard Grove,1,0,0,0,1,0,0,0,0,1,0,0,1,0,0,1,0,0,0,0,1,,1,0,1,0,1,0,,1,0,0,0,1,0,1,0,,1,0,0,1,0,1,0,0,0,0,0,0,,1,0,0,0,0,0,,Every once in a while,Every day,No,Yes,N/A,Unknown,No,Yes,N/A,0,0,0,0,0,1,0,0,0,,Few times per month,0,0,0,0,,Few times per month,N/A,N/A,No,No,1,0,,4,Yes,4,Unknown,Susx,45-54,Male,White,Yes,"Less than $25,000"
Q058,English,Orchard Grove,0,0,0,0,1,0,1,0,0,0,0,0,0,0,0,0,0,0,0,0,0,"Other (It's What's Available To Me, Do not drive)",0,0,0,0,0,1,,0,0,0,0,1,0,1,1,,0,0,0,0,0,0,0,0,0,0,0,0,"Other (It's what's available to me, Do not drive)",0,0,0,0,0,0,Other,Most trips,Never,N/A,N/A,N/A,N/A,N/A,N/A,N/A,0,0,0,1,0,0,0,0,0,,Few times per month,0,0,0,0,,Every weekday,N/A,Cash,Unknown,Yes,1,0,,3,Yes,3,"Family, Self",The many whose names will never know,45-54,Female,White,No,"Less than $25,000"
Q025,English ,Boulder Meadows,1,0,0,0,0,0,1,0,0,1,1,1,1,0,1,0,0,0,0,0,0,,0,1,1,1,1,0,,1,1,0,0,0,0,1,0,,1,1,1,1,1,0,0,0,0,0,0,0,,0,1,0,0,1,0,,Every once in a while,Three to five times per week,Yes,N/A,N/A,N/A,Yes,Yes,N/A,0,0,0,0,0,0,0,0,0,Don't need,Never,1,0,0,0,,Never,Unknown,N/A,Yes,Yes,1,0,,3,No,3,Spiritual Community,The Spiritual Community ,65-74,Female,White,No,"$25,000 to $49,999"
Q016,English,Boulder Meadows,1,0,0,0,0,0,0,0,0,1,0,1,1,0,0,1,0,0,0,0,1,,1,0,1,0,0,0,,1,0,0,0,0,0,0,0,,1,0,0,1,0,0,0,0,1,0,0,1,,0,0,0,1,0,0,Other (Mountains and Out-of-State),Most trips,Every day,No,Yes,N/A,Unknown,Yes,Yes,N/A,0,0,0,1,0,0,0,0,0,Inconvenient,Never,1,0,0,0,,Never,Unknown,N/A,Yes,Yes,1,1,,3,No,1,Self,Uncle,35-44,Male,Other,No,"$25,000 to $49,999"
Q095,Spanish,Broadway,1,0,0,0,0,0,0,0,0,1,0,0,0,0,0,0,0,0,0,0,0,,1,0,0,0,0,0,,1,0,0,0,0,0,0,0,,1,0,0,0,0,0,0,0,0,0,0,0,,0,0,1,0,0,0,,Every other trip,Every day ,Unknown,Unknown,Unknown,Unknown,Yes,No,N/A,1,0,0,0,0,0,0,0,0,,Few times per month,0,0,0,0,,Few times per month,N/A,Eco-Pass,No,No,1,0,,5,No,4,Community leader,Unknown,45-54,Female,Unknown,Yes,"$25,000 to $49,999"
Q037,English ,Boulder Meadows,1,0,0,0,0,0,0,0,0,0,1,0,1,0,0,0,0,0,0,0,0,,1,0,1,0,0,1,,1,0,0,0,0,0,0,0,,0,1,1,0,0,0,1,0,0,0,0,0,,0,0,1,1,0,1,,Most trips,Few times per month,No,Unknown,Unknown,Unknown,Yes,Yes,N/A,0,1,0,0,0,0,0,0,0,Schedule,Never,0,0,0,0,,Never,Unknown,N/A,Yes ,Yes,1,0,,2,No,2,Family,Unknown,65-74,Female,White,No,"$75,000 to $99,999"
Q197,English,Longmont,1,0,0,0,0,0,0,0,0,0,0,1,1,0,0,1,0,0,0,0,1,,1,0,0,0,0,1,,1,0,0,0,0,0,0,0,,0,0,1,1,0,0,1,0,0,0,0,1,,1,0,1,0,0,1,,Most trips,Every day,No,No,Cost,N/A,Yes,Yes,N/A,0,0,0,0,0,1,0,0,0,,Three to five times per week,0,0,0,0,,Unknown,Unknown,N/A,Yes,Yes,1,1,,3,Yes,3,Family,Unknown,25-34,Male,Other,Yes,"Less than $25,000"
Q087,English ,Orchard Grove,1,0,0,0,0,0,0,0,0,1,0,0,1,0,0,0,0,0,0,0,0,,1,0,0,0,0,1,,1,0,0,0,1,0,0,0,,0,0,0,0,0,1,0,0,0,0,0,0,,0,0,1,1,0,0,,Most trips,Every day,no,Unknown,Unknown,Unknown,no,yes,N/A,0,1,0,1,0,0,0,0,0,,Never,0,1,1,0,,Few times per month,N/A,Eco-Pass,Yes,Yes,1,1,,4,yes,3,Family,Unknown,25-34,Female,white,yes,Unknown
Q149,English,San Juan Del Centro,1,0,0,0,0,0,0,1,0,0,1,0,0,0,0,0,0,0,0,0,0,,1,0,1,0,0,0,,1,0,0,0,0,0,0,1,,0,1,0,0,0,0,0,0,0,1,0,0,,0,0,1,0,1,0,,Most trips,Every day,No,No,Cost,N/A,Yes,Yes,N/A,0,0,0,0,0,1,0,0,0,,Few times per month,0,0,0,1,,Few times per month,N/A,Cash,No,Yes,1,1,,3,Yes,2,Family,Unknown,25-34,Female,Other,Yes,"$25,000 to $49,999"
Q046,English,Orchard Grove,1,0,0,0,0,0,0,0,0,0,0,0,1,0,0,1,0,0,0,0,1,,1,0,0,0,0,0,,1,0,0,0,0,0,0,0,,0,0,0,1,0,0,1,0,0,0,0,1,,0,0,1,1,0,0,,Every once in a while,Every day,No,Unknown,Unknown,Unknown,Yes,Yes,N/A,0,0,0,0,0,1,0,0,0,,Never,1,0,0,0,,Never,Unknown,N/A,Yes,Yes,1,1,,3,No,3,Family,Unknown,35-44,Male,White,No,"$25,000 to $49,999"
Q162,English,San Juan Del Centro,1,0,0,0,0,0,0,0,0,1,1,1,1,0,0,0,0,0,0,0,0,,1,1,1,0,1,1,,1,0,0,0,0,0,0,0,,1,1,1,1,1,1,1,1,1,1,1,1,,1,1,0,0,1,1,,Every trip,Every day,No,No,Unknown,N/A,No,Yes,N/A,0,0,0,0,0,1,0,0,0,,Never,1,0,1,0,,Never,Unknown,Cash,No,Yes,1,0,,4,No,3,Family,Unknown,25-34,Female,Other,Yes,"Less than $25,000"
Q145,English,San Juan Del Centro,0,1,0,0,0,0,1,0,0,0,1,0,0,0,0,0,0,0,0,0,0,,1,0,0,0,0,1,,0,1,0,0,0,0,0,0,,0,1,0,0,0,0,0,0,0,0,0,0,,0,0,1,0,0,0,,N/A,Few times per month,Yes,N/A,N/A,N/A,No,No,Family member,0,1,0,0,0,0,0,0,0,,Never,1,0,0,0,,Few times per month,N/A,Cash,No,Yes,0,0,,2,Yes,4,Family,Unknown,18-24,Female,Other,Yes,"Less than $25,000"
Q001,English,Boulder Meadows,0,0,0,0,0,0,0,1,0,0,0,1,1,0,0,0,0,1,0,1,0,,1,0,0,0,0,0,,0,0,0,0,0,0,0,1,,0,0,1,1,0,0,1,0,1,0,1,0,,0,0,0,1,0,0,,Every once in a while,Never,No,Yes,N/A,Unknown,No,No,N/A,0,0,0,0,0,1,0,0,0,,Few times per month,0,0,0,0,,Every weekday,N/A,Eco-Pass,No,Yes,1,1,,4,No,3,Family,Unknown,Under 18,Male,Asian,No,Unknown
Q114,Spanish,San Juan Del Centro,1,0,0,0,0,0,1,0,0,0,0,0,0,0,0,0,0,0,1,0,0,,0,1,1,0,0,0,,0,0,0,0,0,0,1,1,,0,0,0,0,0,0,0,0,0,1,0,0,,0,0,1,0,0,0,,Every trip,Every weekday,Yes,N/A,N/A,N/A,No,Yes,N/A,0,1,0,0,0,0,0,0,0,,Never,0,0,0,1,,Once per week,Unknown,Cash,No,No,0,0,,6,No,1,Family,Unknown,45-54,Female,Other,Yes,"Less than $25,000"
Q199,English,Melody Park,1,0,0,0,0,0,0,0,0,0,0,0,0,0,0,0,0,0,1,0,1,,1,1,0,0,0,0,,1,0,0,0,1,0,0,0,,0,1,0,0,0,0,0,0,0,0,0,0,,0,0,1,0,0,0,,Every other trip,Every day,No,Unknown,Unknown,Unknown,No,Yes,N/A,0,0,0,1,0,0,0,0,0,,Every day,0,0,0,0,,Few times per month,N/A,Cash,Yes,Yes,1,1,,4,Yes,3,Family,Unknown,35-44,Male,White,No,"$150,000 or more"
Q131,Spanish,San Juan Del Centro,0,0,0,0,0,0,0,1,0,0,0,0,0,0,0,0,0,0,0,0,0,,1,1,0,0,0,0,,0,0,0,0,0,0,0,1,,0,0,0,0,0,0,0,0,0,0,0,0,,0,1,1,0,0,0,,Most trips,Few times per month,Unknown,Unknown,Unknown,Unknown,No,N/A,N/A,0,1,0,0,0,0,0,0,0,,Every day,0,0,0,0,,Three to five times per week,Unknown,Cash,Unknown,Yes,1,0,,7,Yes,4,Family,Unknown,Unknown,Unknown,Unknown,Unknown,Unknown
Q132,Spanish,San Juan Del Centro,0,0,0,0,0,0,1,1,0,0,0,0,0,0,0,0,0,0,0,0,0,,1,1,0,0,0,0,,0,0,0,0,0,0,1,1,,0,0,0,0,0,0,0,0,0,0,0,0,,0,1,1,0,0,0,,Most trips,Few times per month,Unknown,Unknown,Unknown,Unknown,No,N/A,Family member,0,1,0,0,0,0,0,0,0,,Every day,0,0,0,0,,Three to five times per week,Unknown,Cash,Unknown,Unknown,0,0,,4,Unknown,Unknown,Family,Unknown,Unknown,Unknown,Unknown,Unknown,Unknown
Q178,English,Boulder Meadows,1,0,0,0,1,0,1,0,0,0,1,0,0,0,0,0,0,0,0,0,0,,1,0,0,0,0,0,,0,0,0,0,1,0,1,1,,0,1,0,0,0,0,0,0,0,0,0,0,,1,0,0,0,0,0,,Every once in a while,Few times per month,No,Unknown,Unknown,Unknown,No,Yes,N/A,0,1,0,1,0,0,0,0,0,,Few times per month,0,0,0,0,,Every day,N/A,Eco-pass,Yes,Yes,1,1,,2,No,2,Family,Unknown,25-34,Female,Other,Unknown,"Less than $25,000"
Q086,Spanish,Boulder Meadows,1,0,0,0,0,0,0,0,0,0,0,0,1,0,0,0,0,0,0,0,1,,1,1,1,1,1,0,,1,0,0,0,0,0,0,0,,0,0,1,1,0,0,0,0,0,0,0,1,,0,0,1,1,1,0,,Every once in a while,Every day,No,No,Cost,N/A,Yes,Yes,N/A,0,0,0,0,0,0,0,0,0,Own car,Never,0,0,0,0,Other (have car),Never,Unknown,N/A,No,Yes,1,1,,6,No,4,Family,Unknown,35-44,Male,Other ,Yes,"$50,000 to $74,999"
Q101,Spanish,Broadway,0,0,0,0,0,0,0,0,0,0,0,0,0,0,0,0,0,0,0,0,0,,0,1,0,0,1,0,,0,0,0,0,0,0,0,1,,1,0,0,0,0,0,0,0,0,0,0,0,,0,0,1,0,0,0,,Every once in a while,Never,No,No,Unknown,N/A,No,No,N/A,0,0,0,0,0,0,0,0,0,,Never,0,0,0,1,,Three to five times per week,Unknown,Eco-Pass,No,No,1,0,,3,No,4,Family,Unknown,55-64,Female,White,Yes,"$25,000 to $49,999"
Q184,English,Boulder Meadows,0,1,0,0,0,0,1,1,0,0,0,0,1,0,0,0,0,0,1,0,0,,0,0,0,0,0,0,Other (with family),0,1,0,0,0,0,1,1,,1,1,0,1,0,0,0,0,1,0,0,0,,0,1,0,0,0,0,,Every other trip,Every weekday,No,Unknown,Unknown,Unknown,No,No,Family member,0,1,1,1,1,0,1,0,0,,Never,1,0,0,0,,Three to five times per week,Unknown,Cash,No,No,1,0,,4,No,1,Family,Unknown,65-74,Female,Asian,No,"Less than $25,000"
Q166,English,Boulder Meadows,1,0,0,0,0,0,0,0,0,0,1,1,1,0,0,1,1,1,1,1,1,,1,0,0,0,0,0,,1,1,0,0,0,0,0,0,,0,1,0,1,1,0,0,0,1,1,0,0,,0,0,1,1,0,1,,Most trips,Every day,No,No,Unknown,N/A,No,Yes,N/A,0,1,0,1,0,0,0,0,0,,Never,0,1,1,0,,Never,Unknown,N/A,Yes,Yes,1,0,,4,No,1,Family,Unknown,18-24,Female,White,Yes,"$50,000 to $74,999"
Q043,English,Orchard Grove,1,0,0,0,0,0,0,0,0,1,0,0,1,0,0,0,0,0,0,0,1,,1,0,0,0,0,0,,1,0,0,0,0,0,0,0,,1,0,0,1,0,0,0,0,0,0,0,1,,0,0,1,1,1,0,,Every once in a while,Every day,No,Yes,N/A,Unknown,Yes,Yes,N/A,0,0,0,0,0,1,0,0,0,,Never,1,0,0,0,,Never,Inconvenient,N/A,Yes ,Yes,1,1,,2,No,3,Family,Unknown,35-44,Male ,Other,Yes,"$25,000 to $49,999"
Q017,English,North Boulder,1,0,0,0,0,0,0,0,0,0,0,1,0,0,0,0,0,0,0,0,0,,1,0,0,0,0,0,,1,0,0,0,0,0,0,0,,0,0,1,0,0,0,0,0,0,0,0,0,,0,0,1,0,0,0,,Every trip,Every day,No,No,Unknown,N/A,Yes,Yes,N/A,0,1,0,0,0,0,0,0,0,,Never,1,0,0,0,,Few times per month,N/A,Cash,Yes,Yes,1,0,,5,Yes,4,Family,Unknown,25-34,Female,Asian,No,"$25,000 to $49,999"
Q026,English,North Boulder,1,0,0,0,0,0,0,0,0,0,0,1,0,0,0,0,0,0,0,0,0,,1,0,0,0,0,0,,1,0,0,0,0,0,0,0,,0,0,1,0,0,0,0,0,0,0,0,0,,0,0,1,0,0,0,,Every trip,Every day,No,No,Unknown,N/A,Yes,Yes,N/A,0,1,0,0,0,0,0,0,0,,Never,1,0,0,0,,Few times per month,N/A,Cash,Yes,Yes,1,0,,6,Yes,4,Family,Unknown,25-34,Female,Asian,No,"$25,000 to $49,999"
Q096,Spanish,Broadway,1,0,0,0,0,0,0,0,0,1,0,0,0,0,0,0,0,0,0,0,0,,1,0,1,0,0,0,,1,0,0,0,0,0,0,0,,1,0,1,0,1,0,0,0,0,0,0,0,,1,0,1,0,0,0,,Most trips,Every day,No,Yes,N/A,Unknown,No,Yes,N/A,0,1,0,0,0,0,0,1,0,,Never,1,0,0,0,,Few times per month,N/A,Cash,No,Yes,1,1,,4,Yes,4,Family,Unknown,25-34,Male,White,Yes,"Less than $25,000"
Q136,English,San Juan Del Centro,1,0,0,0,0,1,0,0,0,0,1,1,0,0,1,0,0,0,0,0,1,,1,0,0,1,0,1,,1,1,0,0,0,0,1,0,,1,1,1,0,1,1,0,0,0,0,1,0,,0,0,1,1,1,0,Other,Most trips,Every day,No,No,Cost,N/A,No,Yes,N/A,0,1,0,0,0,0,0,0,0,,Few times per month,0,0,0,0,,Once per week,Unknown,Cash,Yes,Yes,0,1,,5,Yes,3,Family,Unknown,25-34,Female,White,Yes,"$25,000 to $49,999"
Q102,Spanish,Broadway,0,0,0,0,0,0,0,1,0,0,0,1,0,0,0,1,1,1,0,0,0,,1,1,1,1,0,0,,0,1,0,0,0,1,0,1,,1,0,1,0,0,0,1,0,1,0,0,1,,0,1,1,1,1,0,,Most trips,Weekends only,No,No,Unknown,N/A,No,Yes,N/A,0,1,0,1,0,0,0,0,0,,Once per week,0,0,1,0,,Three to five times per week,Unknown,Eco-Pass,No,No,1,1,,5,Yes,4,Family and Friends,Unknown,35-44,Female,Unknown,Yes,"$25,000 to $49,999"
Q035,English,Boulder Meadows,1,0,0,0,1,0,0,0,0,0,0,1,0,0,0,0,0,0,0,0,0,,1,0,0,1,0,0,,1,0,0,0,1,0,0,0,,0,0,1,1,0,0,0,0,0,0,0,0,,0,1,1,1,1,0,,Every trip,Every day,Yes,N/A,N/A,N/A,Yes,Yes,N/A,0,0,0,0,0,0,0,0,0,,Weekends only,0,0,0,0,,Three to five times per week,Unknown,Cash,No,Yes,1,1,,2,No,3,Family and Friends,Unknown,Unknown,Unknown,Unknown,Unknown,Unknown
Q202,English,San Juan Del Centro,0,0,0,0,0,0,1,0,0,0,0,0,0,1,1,0,0,1,0,0,0,,1,0,0,0,0,0,,1,0,0,0,1,0,1,0,,0,0,1,0,1,1,0,0,0,0,0,0,,0,0,1,1,0,0,,Every once in a while ,Three to five times per week,No,No,Not good for mountain travel,N/A,No,Yes,N/A,0,0,0,0,0,0,0,0,0,,Three to five times per week,0,0,1,0,,Never,Unknown,MyRide card,Yes,Yes,1,1,,2,No,2,Family and Friends,Unknown,45-54,Female,White,No,"$100,000 to $124,999"
Q079,English ,Orchard Grove,1,1,0,0,0,0,0,1,0,0,0,1,1,0,0,0,0,0,1,1,0,,1,0,0,0,0,0,,1,1,0,0,0,0,0,1,,0,0,1,1,0,0,0,0,0,1,1,0,,0,0,1,0,1,0,,Most trips,Never,N/A,N/A,N/A,N/A,N/A,N/A,N/A,0,1,0,0,0,0,0,0,0,,never,0,0,0,0,Other,Three to five times per week,Unknown,other  ,no,yes,1,1,,7,yes,3,"Family, Friends",Unknown,Unknown,Unknown,Unknown,Unknown,Unknown
Q049,English,Orchard Grove,0,0,0,0,0,0,0,0,0,0,0,0,0,0,0,0,0,0,0,0,0,,0,0,0,0,0,0,,1,0,0,0,0,0,0,0,,0,0,0,1,0,1,0,0,0,0,0,1,,0,1,1,0,0,0,,Every once in a while,Three to five times per week,No,Yes,N/A,Unknown,Yes,Yes,N/A,0,0,0,0,0,0,0,0,0,"Schedule, Inconvenient",Never,0,0,0,0,Other,Never,Schedules do not work,N/A,Yes,No,1,0,,2,No,4,Health,Unknown,75+,Male,White,No,"$25,000 to $49,999"
Q099,Spanish,Broadway,1,0,0,0,0,0,0,0,0,1,0,0,0,0,0,0,0,0,0,0,0,,1,1,1,0,0,0,,1,0,0,0,0,0,0,0,,0,0,1,0,0,0,0,0,0,0,0,0,,0,0,0,0,0,0,,Every trip,Every day,No,Yes,N/A,Unknown,Yes,Yes,N/A,1,0,0,0,0,0,0,0,1,,Never,1,0,0,0,,Few times per month,N/A,Cash,Yes,Yes,1,0,,4,No,3,Self,Unknown,35-44,Female,Other,Yes,"Less than $25,000"
Q059,English,Orchard Grove,1,0,0,0,0,0,0,1,0,1,1,1,1,1,0,0,0,0,0,0,0,,1,0,0,0,0,0,,1,0,0,0,0,0,0,0,,1,0,1,1,0,0,0,0,0,0,0,0,,1,0,0,0,0,0,,Most trips,Three to five times per week,No,No,Cost,N/A,Yes,Yes,N/A,0,0,0,0,0,1,1,0,0,,Few times per month,0,0,0,0,,Every weekday,N/A,Eco-pass,Yes,No,1,1,,1,No,3,Self,Unknown,25-34,Male,White,No,"Less than $25,000"
Q128,Spanish,Orchard Grove,0,0,0,0,0,0,1,0,0,0,1,0,0,0,0,0,0,0,0,0,0,,1,0,0,0,0,0,,1,0,0,0,0,0,0,0,,1,0,0,0,0,0,1,0,0,1,0,0,,0,1,1,1,1,0,,Most trips,Weekends only,No,No,Cost,N/A,No,Yes,N/A,0,0,0,0,0,0,0,1,0,,Every day,0,0,0,0,,Weekends Only,Unknown,N/A,No,Yes,0,0,Cell,3,No,4,Self,Unknown,25-34,Male,Other,Yes,"$25,000 to $49,999"
Q019,English,Boulder Meadows ,1,0,0,0,0,0,0,0,0,1,0,1,1,0,0,0,0,0,1,0,0,,0,0,1,1,0,0,"Other (swap meets, places to eat)",1,0,0,0,0,0,0,0,,1,1,0,0,0,0,0,0,0,0,0,0,Other (Disability),0,1,0,0,0,0,,Every once in a while,Every weekday,No,Unknown,Unknown,Unknown,Yes,Yes,N/A,0,0,0,0,0,0,0,1,0,,Never,1,0,0,0,,Never,Unknown,N/A,Yes,No,1,0,,Unknown,Unknown,1,Self,Unknown,Unknown,Male,White,No,Unknown
Q056,English,Orchard Grove,1,0,0,0,0,0,0,0,0,0,0,1,0,0,0,0,0,0,0,0,0,,0,1,0,0,0,0,,1,0,0,0,0,0,0,0,,0,0,1,0,0,0,0,0,0,0,0,0,,0,0,1,0,0,0,,Most trips,Every weekday,No,No,Cost,N/A,Yes,Yes,N/A,1,0,0,0,0,1,0,0,0,,Never,0,0,0,0,Other (too old),Few times per month,N/A,Cash,Yes,Yes,1,0,,1,No,3,Self,Unknown,55-64,Male,White,No,"Less than $25,000"
Q134,Spanish,San Juan Del Centro,0,0,0,0,0,0,0,1,0,0,0,0,0,0,0,0,0,0,0,0,0,Other (Nec),1,0,1,0,0,0,,1,0,0,0,0,0,0,1,,0,0,0,0,0,0,0,0,0,0,0,0,Other (Need),1,1,1,1,0,0,,Every trip,Every day,No,No,Cost,N/A,No,No,Family member,0,0,0,0,0,1,0,0,0,,Never,0,1,0,0,,Every day,N/A,Cash,No,Yes,1,1,,6,Yes,3,Self,Unknown,18-24,Female,Other,Yes,"Less than $25,000"
Q052,English,Orchard Grove,1,0,0,0,0,0,0,0,0,0,0,0,1,0,0,1,0,0,0,0,1,,1,0,0,0,0,0,,1,0,0,0,0,0,0,0,,0,0,0,1,0,0,1,0,0,0,0,1,,0,0,1,1,0,0,,Every once in a while,Every day,No,Yes,N/A,Unknown,Yes,Yes,N/A,0,0,0,0,0,1,0,0,0,,Few times per month,0,0,0,0,,Never,No need to,N/A,Yes,Yes,1,0,,1,No,2,Self,Unknown,25-34,Male,White,No,"$25,000 to $49,999"
Q156,Spanish,San Juan Del Centro,1,0,0,0,0,0,0,0,0,0,0,1,0,0,0,0,0,0,0,0,0,,1,0,0,0,0,0,,1,0,0,0,0,0,0,0,,1,0,0,0,0,0,0,0,0,0,0,0,,0,0,1,0,0,0,,Every other trip,Every day,No,No,Unknown,N/A,No,Yes,N/A,0,0,0,0,0,0,0,1,0,,Never,1,0,0,0,,Never,Unknown,N/A,Yes,Yes,1,0,,6,Yes,4,Self,Unknown,35-44,Female,Other,Yes,"Less than $25,000"
Q044,English ,Orchard Grove,0,1,0,0,0,0,0,0,0,0,1,0,0,0,0,0,0,0,0,0,0,,1,0,0,0,0,0,,1,0,0,0,0,0,0,0,,0,0,0,1,0,0,1,0,0,0,0,1,,0,0,1,1,0,0,,Every once in a while,Once per week,No,Yes,N/A,Unknown,No,Yes,N/A,0,1,0,0,0,0,0,0,0,,Few times per month,0,0,0,0,,Few times per month,N/A,Cash,Yes ,Yes,1,0,,2,No,3,Signficant other,Unknown,35-44,Female,Other,Yes,"$25,000 to $49,999"
Q050,English,Orchard Grove,1,0,0,0,0,0,0,0,0,0,0,0,1,0,0,0,0,0,0,0,1,,1,0,0,0,0,0,,1,0,0,0,0,0,0,0,,0,0,0,0,0,0,0,0,0,0,0,1,,0,1,1,0,0,0,,Every once in a while,Every weekday,No,Yes,N/A,Unknown,Yes,No,Family Member,0,0,0,0,0,0,0,1,0,,Never,1,0,0,0,,Never,Schedules do not work,N/A,Yes,No,1,0,,2,No,4,Signficant other,Unknown,65-74,Female,White,No,"$25,000 to $49,999"
Q165,English,Boulder Meadows,1,0,0,0,0,0,0,0,0,0,0,1,0,0,0,1,0,0,1,1,0,,1,0,0,0,0,0,,1,0,0,0,0,0,0,0,,0,0,1,0,0,0,1,0,0,1,1,0,,0,0,1,1,0,0,,Most trips,Every day,No,No,Unknown,N/A,No,No,Family member,0,0,0,0,0,0,0,0,0,Own car,Never,0,1,0,0,,Never,Unknown,N/A,Yes,Yes,0,1,,3,Yes,3,Unknown,Unknown,25-34,Male,White,Yes,"$75,000 to $99,999"
Q139,English,Broadway West,0,0,0,0,1,0,0,0,0,0,1,1,1,1,1,1,1,1,1,1,0,,1,1,1,1,0,0,,0,0,0,0,1,0,1,1,,0,1,1,1,1,1,1,1,1,1,0,0,,0,1,1,0,0,0,,Most trips,Once per week,No,Yes,N/A,Unknown,No,Yes,N/A,0,0,0,1,0,0,0,0,0,,Every weekday,0,0,0,0,,Weekends Only,Unknown,Eco-pass,Yes,Yes,1,1,,2,Yes,2,Unknown,Unknown,35-44,Female,Unknown,Unknown,"Less than $25,000"
Q188,English,Gunbarrel,1,0,0,0,0,0,0,0,0,0,0,0,1,0,0,0,0,0,0,0,0,,1,0,1,0,0,0,,1,0,0,0,0,0,0,0,,0,0,0,1,0,0,0,0,0,0,0,0,,0,0,1,1,0,0,,Every once in a while,Every day,No,Yes,N/A,Unknown,Yes,Yes,N/A,0,1,0,0,0,0,0,0,0,,Never,1,0,0,0,,Never,Own car,Eco-Pass,Yes,Yes,1,1,,2,No,4,Unknown,Unknown,25-34,Male,White,No,"$25,000 to $49,999"
Q137,English,Broadway West,1,0,0,0,0,0,0,0,0,0,0,0,1,0,0,1,0,0,0,0,0,,1,0,1,0,0,0,,1,0,0,0,0,0,1,0,,0,1,0,1,0,1,0,0,0,0,0,1,,0,0,1,1,0,0,,Every trip,Every day,Yes,N/A,N/A,N/A,No,Yes,N/A,0,1,0,1,0,0,0,0,0,,Weekends only,0,0,0,0,,Few times per month,N/A,Cash,Yes,Yes,1,1,,2,No,4,Unknown,Unknown,35-44,Female,White,Yes,"$50,000 to $74,999"
Q011,English,Broadway East,1,0,0,0,0,0,0,1,0,0,0,0,0,0,0,1,0,0,0,0,0,,1,0,0,0,0,0,,1,0,0,0,0,0,0,0,,0,0,0,0,1,1,0,0,0,0,0,0,,0,1,1,1,0,0,,Most trips,Every day,No,Unknown,Unknown,Unknown,Yes,No,Other,1,0,0,0,0,0,0,0,0,,Never,1,0,0,0,,Every weekday,N/A,Cash,No,Yes,1,0,,5,No,4,Unknown,Unknown,18-24,Male,White,Yes,"Less than $25,000"
Q094,Spanish,Broadway,0,0,0,0,0,0,1,0,0,0,0,1,0,0,0,0,0,0,0,0,0,,0,0,0,0,0,0,,1,0,0,0,1,0,1,1,,0,0,1,0,1,0,0,0,1,0,0,0,,1,0,0,0,1,0,,Every trip,Every weekday,No,No,Cost,N/A,Unknown,No,N/A,0,1,0,0,0,0,0,0,0,,Three to five times per week,0,0,0,0,,Three to five times per week,Unknown,Eco-Pass,No,Yes,1,1,,6,No,4,Unknown,Unknown,25-34,Female,Other ,Yes,"Less than $25,000"
Q027,English,Boulder Meadows,1,0,0,0,0,0,0,0,0,0,0,0,1,0,0,0,0,0,0,0,0,,1,0,1,0,0,0,,1,0,0,0,0,0,0,0,,0,0,0,1,0,0,0,0,0,0,0,0,,0,0,1,0,0,0,,Most trips,Every day,No,No,Unknown,N/A,Yes,Yes,N/A,0,0,0,0,0,0,0,0,0,Don't need,Never,0,0,0,0,,Never,Unknown,N/A,Yes,Yes,1,1,,1,No,2,Unknown,Unknown,45-54,Female,White,No,"$75,000 to $99,999"
Q138,Spanish,San Juan Del Centro,1,0,0,0,0,0,0,1,0,0,0,0,0,0,0,0,0,0,0,0,0,Other (Necessary),0,1,1,1,1,0,,1,0,0,0,0,0,1,1,,0,0,0,0,0,0,0,0,0,0,0,0,Other (Need),0,1,1,1,1,0,,Every trip,Every day,No,No,Cost,N/A,No,N/A,N/A,0,0,0,0,0,1,0,0,0,,Never,0,0,0,0,Other (children),Every day,N/A,Cash,No,Yes,1,0,,6,Yes,3,Unknown,Unknown,35-44,Female,Other,Yes,"Less than $25,000"
Q055,English,Orchard Grove,1,0,0,0,0,0,0,0,0,0,0,0,0,0,0,0,0,1,0,0,0,,1,1,1,0,0,0,,1,0,0,0,0,0,0,0,,0,0,0,1,1,1,0,0,0,0,0,0,,0,1,1,0,0,0,,Most trips,Every Day,No,No,Cost,N/A,Yes,No,N/A,0,0,0,0,0,1,1,1,0,,Never,1,0,0,0,,Few times per month,N/A,Cash,Yes,No,1,0,,2,Unknown,1,Unknown,Unknown,55-64,Female,White,No,"Less than $25,000"
Q160,English,San Juan Del Centro,1,0,0,0,0,0,0,0,0,0,0,0,1,0,0,0,0,0,0,0,0,,1,0,0,0,0,0,,0,0,0,0,0,0,1,0,,0,0,0,1,0,1,1,0,0,0,0,0,,0,0,0,1,0,0,,Every other trip,Every day,No,No,Unknown,N/A,No,No,Family member,1,0,0,0,0,0,0,0,0,,Never,1,0,0,0,,Few times per month,N/A,Cash,No,Yes,1,0,,5,No,4,Unknown,Unknown,25-34,Female,White,Yes,"Less than $25,000"
Q038,English,Boulder Meadows,0,0,0,0,0,0,0,1,0,0,0,0,0,0,0,0,0,0,0,0,0,,1,0,0,0,0,0,,0,0,0,0,0,0,0,1,,0,1,0,0,0,0,0,0,0,0,0,0,,0,0,1,1,0,0,,Most trips,Never,N/A,N/A,N/A,N/A,Yes,No,N/A,0,0,0,1,0,1,0,0,0,,Unknown,0,0,0,0,,Unknown,Unknown,Unknown,Unknown,Unknown,0,0,,Unknown,Unknown,Unknown,Unknown,Unknown,Unknown,Unknown,Unknown,Unknown,Unknown
Q147,Spanish,San Juan Del Centro,0,0,0,0,0,0,0,1,0,0,0,1,1,0,0,0,0,0,0,0,0,Other,0,1,0,0,1,0,,0,0,0,0,0,0,0,1,,0,0,0,0,0,0,0,0,0,0,0,0,Other,0,1,1,0,1,0,,Every other trip,Every day,No,No,Cost,N/A,No,Yes,N/A,0,0,0,1,0,1,0,0,0,,Never,0,0,0,0,Other,Unknown,Unknown,Cash,Yes,Yes,0,1,,Unknown,Yes,4,Unknown,Unknown,35-44,Female,Other,Yes,"Less than $25,000"
Q066,English ,Boulder Meadows,1,0,0,0,0,0,0,0,0,0,0,0,1,0,0,1,0,0,0,0,0,,1,0,0,0,0,0,,1,0,0,0,0,0,0,0,,0,0,0,1,0,0,1,0,0,0,0,0,,0,0,1,0,1,0,,Most trips,Every day,No,Unknown,Unknown,Unknown,yes,yes,N/A,0,1,0,0,0,0,0,0,0,,never,1,0,0,0,,Never,Unknown,N/A,Yes ,yes,1,1,,3,no,4,Unknown,Unknown,55-64,Female,Asian,no,Unknown
Q186,English,Boulder Meadows,1,0,0,0,0,0,0,0,0,0,0,1,0,0,0,0,0,0,0,0,0,,1,0,1,0,0,0,,1,0,0,0,0,0,0,0,,0,0,0,1,0,0,0,0,0,0,0,0,,0,0,1,1,1,0,,Every other trip,Every weekday,No,No,Cost,N/A,Yes,Yes,N/A,0,0,0,0,0,0,1,0,0,,Never,0,0,0,0,Other,Few times per month,N/A,Cash,Yes,No,1,1,,2,No,2,Unknown,Unknown,55-64,Female,White,Unknown,"$25,000 to $49,999"
Q081,English ,Orchard Grove,0,1,0,0,0,0,0,1,0,0,1,1,1,0,0,0,0,0,1,0,0,,1,0,0,0,0,0,,1,0,0,0,0,0,0,0,,0,0,1,0,0,0,0,0,0,0,0,0,,0,0,0,0,0,0,,Every once in a while,Three to five times per week,no,no,Unknown,N/A,no,no,Family Member,0,1,0,0,0,0,0,0,0,,never,1,0,0,0,,Every day,N/A,cash,no,yes,1,1,,4,no,4,Unknown,Unknown,under 18,Female,Unknown,yes,Unknown
Q169,English,San Juan Del Centro,1,0,0,0,0,0,0,0,0,0,0,1,0,0,0,0,0,0,0,0,0,,1,0,0,0,0,0,,1,0,0,1,0,0,0,0,,1,1,1,1,0,0,0,0,0,0,0,0,,0,0,0,1,0,0,,Every once in a while,Every day,No,Yes,N/A,Unknown,No,No,N/A,0,0,0,0,1,0,0,0,0,,Never,0,0,0,0,,Never,Unknown,N/A,Yes,Yes,1,1,,2,No,4,Unknown,Unknown,55-64,Male,White,No,Unknown
Q116,Spanish,San Juan Del Centro,1,0,0,0,0,0,0,0,0,0,0,0,1,0,0,0,0,0,0,0,0,,1,0,0,0,0,0,,1,0,0,0,0,0,0,0,,0,0,0,1,0,0,0,0,0,0,0,0,,1,0,0,0,0,0,,Every once in a while,Every day,No,No,Do not like (preference),N/A,No,No,Family member,0,0,0,0,0,1,0,0,0,,Weekends only,0,0,1,0,,Few times per month,N/A,N/A,No,No,1,0,,8,Yes,3,Unknown,Unknown,25-34,Male,Other,Yes,Unknown
Q045,English,Orchard Grove,0,0,0,0,0,1,0,1,0,0,0,0,0,0,0,0,0,1,0,0,0,,0,0,1,0,0,0,,0,0,0,0,0,0,0,0,,0,0,0,0,0,0,0,0,0,0,0,0,,0,0,0,0,0,0,,Most trips,Never,N/A,N/A,N/A,N/A,N/A,N/A,N/A,0,0,0,0,0,1,1,0,0,,Few times per month,0,0,0,0,,Three to five times per week,Unknown,Cash,No,No,1,0,,3,No,2,Unknown,Unknown,65-74,Male ,White,Unknown,Unknown
Q051,English,Orchard Grove,1,0,0,0,0,0,0,0,0,1,0,1,1,0,0,1,0,1,0,0,1,,1,1,1,0,0,0,,1,0,0,0,0,0,0,0,,0,0,0,1,0,0,0,0,0,0,0,0,,0,0,1,0,0,0,,Most trips,Every day,No,Yes,N/A,Unknown,Yes,Yes,Bank,0,0,0,0,0,0,0,0,0,,Never,0,1,0,0,,Few times per month,N/A,Cash,Yes ,Yes,1,0,,2,No,3,Unknown,Unknown,65-74,Male,White,No,"Less than $25,000"
Q127,Spanish,San Juan Del Centro,0,0,0,0,0,0,0,1,0,0,0,0,0,0,0,0,0,0,1,0,0,,1,1,0,0,0,0,,0,0,0,0,0,0,0,1,,0,0,0,0,0,0,0,0,0,1,0,0,,0,0,1,0,0,0,,Every once in a while,Few times per month,No,No,Cost,N/A,Yes,Yes,N/A,1,0,0,0,0,1,0,0,0,,Never,1,0,0,0,,Every day,N/A,Cash,No,Unknown,0,1,,4,Yes,4,Unknown,Unknown,45-54,Female,Other,Yes,"Less than $25,000"
Q097,Spanish,Broadway,1,1,0,0,0,0,0,0,0,1,0,0,0,0,0,0,0,0,0,0,0,,1,1,1,0,1,0,,1,0,0,0,0,0,0,0,,1,0,0,0,0,0,0,0,0,0,0,0,,1,1,1,0,0,0,,Every trip,Every day,No,No,Unknown,N/A,Yes,N/A,N/A,0,0,0,0,0,0,0,1,0,,Weekends only,0,0,0,0,,Never,Unknown,N/A,No,No,0,1,,4,Yes,3,Unknown,Unknown,25-34,Female,Other,Yes,"Less than $25,000"
Q119,Spanish,Orchard Grove,0,0,0,0,0,0,1,0,0,0,0,0,0,0,0,0,0,0,0,0,1,,1,1,1,1,1,1,,0,0,0,0,0,1,0,0,,0,0,0,0,0,1,0,0,0,0,0,0,,0,1,1,1,1,0,,Every trip,Few times per month,No,No,Cost,N/A,No,Yes,Family member,1,1,0,1,0,0,0,0,0,,Every day,0,0,0,0,,Three to five times per week,Unknown,Cash,No,Yes,0,1,,Unknown,No,3,Unknown,Unknown,18-24,Male,Other,Yes,"$25,000 to $49,999"
Q133,English,San Juan Del Centro,0,0,0,0,0,0,1,1,0,0,0,0,1,0,0,0,1,0,1,0,0,,1,0,1,0,0,0,,0,1,0,0,0,0,0,0,,1,1,0,0,0,0,0,0,0,1,1,0,,0,0,1,0,1,0,,Every trip,Three to five times per week,No,Unknown,Unknown,Unknown,No,Yes,N/A,1,1,0,1,0,0,0,0,0,,Few times per month,0,0,0,0,,Few times per month,N/A,Cash,No,No,1,0,,2,No,4,Unknown,Unknown,18-24,Female,Other,Yes,"Less than $25,000"
Q135,English,San Juan Del Centro,1,0,0,0,0,0,1,1,0,0,0,0,1,0,0,0,0,0,0,0,0,,1,0,1,0,1,1,,1,0,0,0,0,0,0,0,,0,0,1,1,0,0,0,0,0,0,0,0,,1,1,1,0,0,1,,Every once in a while,Every day,No,No,Unknown,N/A,No,Yes,Other,0,1,0,0,0,0,0,0,0,Other,Never,1,0,0,0,,Never,Unknown,Other,No,No,1,0,,5,Yes,2,Unknown,Unknown,35-44,Female,Other,Yes,"$25,000 to $49,999"
Q121,Spanish,N/A,1,0,0,0,0,0,0,0,0,0,0,0,0,0,1,0,0,0,0,0,0,,1,1,0,0,0,0,,1,0,0,0,0,0,0,0,Other,0,0,1,0,0,1,0,0,0,0,0,0,,1,1,0,0,0,0,,Every trip,Weekends only,Yes,N/A,N/A,N/A,N/A,Yes,N/A,0,0,0,0,0,0,0,0,0,,Unknown,0,0,0,0,,Three to five times per week,Unknown,10-ride ticket book,Unknown,Unknown,0,0,,Unknown,Unknown,Unknown,Unknown,Unknown,Unknown,Unknown,Unknown,Unknown,Unknown
Q111,Spanish,Broadway,0,0,0,0,0,0,0,1,0,0,0,0,0,0,0,0,0,0,1,0,0,,1,0,0,0,0,0,,0,0,0,0,0,0,0,1,,0,0,0,0,0,0,0,0,0,1,0,0,,1,0,0,0,0,0,,Every once in a while,Weekends only,Unknown,Unknown,Unknown,Unknown,No,Yes,N/A,0,0,0,0,0,0,1,0,0,,Few times per month,0,0,0,0,,Every weekday,N/A,Eco-Pass,No,No,1,1,,3,No,4,Unknown,Unknown,45-54,Male,Unknown,Yes,"Less than $25,000"
Q036,English,Boulder Meadows,1,0,0,0,0,0,0,0,0,0,0,1,1,0,0,0,0,0,0,0,0,,1,0,0,0,1,0,,1,0,0,0,0,0,0,0,,0,0,1,1,0,0,0,0,0,0,0,0,,0,0,1,0,1,0,,Every once in a while,Every day,No,Yes,N/A,Unknown,No,Yes,N/A,0,0,0,0,0,0,0,0,0,,Never,0,1,0,0,,Three to five times per week,Unknown,Cash,Yes,Yes,1,1,,1,Unknown,3,Unknown,Unknown,Unknown,Unknown,Unknown,Unknown,Unknown
Q203,English,Valmont,1,0,0,0,1,0,1,0,0,0,1,1,1,1,1,1,0,0,1,0,1,,1,0,1,1,1,1,,1,0,0,0,1,0,0,1,,0,1,1,1,1,1,1,0,0,1,0,1,,0,0,0,1,0,0,,Every other trip,Three to five times per week,No,Yes,N/A,Unknown,No,Yes,N/A,0,0,0,0,0,1,0,0,0,,Three to five times per week,0,0,0,0,,Few times per month,N/A,Eco-Pass,Yes,Yes,1,0,,3,Yes,2,Unknown,Unknown,35-44,Female,White,No,"$50,000 to $74,999"
Q130,Spanish,Orchard Grove,0,0,0,0,0,0,0,1,0,0,0,0,1,0,0,0,0,0,0,0,0,Other,1,0,0,0,0,1,,0,0,0,0,0,0,0,1,,0,0,0,1,0,0,0,0,0,0,0,0,,0,1,1,1,0,0,,Most trips,Every day,No,Unknown,Unknown,Unknown,No,No,N/A,0,0,0,0,0,1,0,0,0,,Never,0,0,0,0,Other,Every day,N/A,Cash,No,No,1,0,,4,No,4,Unknown,Unknown,35-44,Female,Other,Yes,"Less than $25,000"
Q117,Spanish,San Juan Del Centro,1,0,0,0,0,0,0,0,0,0,0,0,0,0,0,0,0,0,1,0,0,,1,0,0,0,0,1,,0,0,0,0,0,0,0,0,,0,0,0,0,0,0,0,0,0,0,0,0,,0,0,0,0,0,0,,Every trip,Every day,No,No,Unknown,N/A,No,Yes,Family member,0,0,0,0,0,1,0,0,0,,Unknown,0,0,0,0,,Unknown,Unknown,N/A,Unknown,Unknown,0,0,,Unknown,Unknown,Unknown,Unknown,Unknown,35-44,Female,White,Unknown,Unknown
Q041,English,Orchard Grove,0,0,0,0,0,1,1,0,0,0,1,0,0,0,0,0,0,0,0,0,0,,1,0,1,0,0,0,,0,0,0,0,0,1,1,1,,0,1,0,0,0,0,0,0,1,1,0,0,,1,0,0,0,0,0,,Most trips,Never,No,Unknown,Unknown,Unknown,No,No,N/A,0,0,0,0,0,1,0,0,0,,Every day,0,0,0,0,,Every weekday,N/A,Cash,No,No,0,1,,2,Unknown,4,Unknown,Unknown,35-44,Female Male,Other,No,"Less than $25,000"
Q103,Spanish,Broadway,1,0,0,0,0,0,0,0,0,0,0,0,0,0,0,0,0,1,0,0,0,,0,0,1,0,0,0,,1,0,0,0,0,0,0,0,,0,0,0,0,0,0,0,0,1,0,0,0,,0,0,1,0,0,0,,Every once in a while,Every day,Yes,N/A,N/A,N/A,Yes,Yes,N/A,0,1,0,0,0,0,0,0,0,,Never,1,0,0,0,,Three to five times per week,Unknown,Cash,No,Yes,0,0,,5,Yes,4,Unknown,Unknown,35-44,Unknown,Other,Yes,Unknown
Q105,Spanish,Broadway,1,0,0,0,0,0,1,1,0,0,0,0,0,0,0,0,0,1,1,0,0,,0,0,1,0,1,0,,1,0,0,0,0,0,0,1,,0,0,0,0,0,0,0,0,1,1,0,0,,0,1,1,0,1,0,,Every once in a while,Three to five times per week,Unknown,Unknown,Unknown,Unknown,N/A,N/A,N/A,1,0,0,0,0,0,0,0,0,,Three to five times per week,0,0,0,0,,Three to five times per week,Unknown,Eco-Pass,No,No,1,0,,5,Unknown,Unknown,Unknown,Unknown,35-44,Male,White,Unknown,"Less than $25,000"
Q118,Spanish,Orchard Grove,0,0,0,0,0,1,0,0,0,0,0,0,0,0,0,0,0,0,0,0,1,,1,1,1,1,1,0,,0,0,0,0,0,0,1,0,,0,0,0,0,0,1,0,0,0,0,0,0,,0,0,1,0,1,1,,Every trip,Few times per month,No,No,Cost,N/A,No,Yes,Family member,1,1,0,1,0,0,0,0,0,,Every day,0,0,0,0,,Three to five times per week,Unknown,Cash,No,Yes,0,1,,4,No,4,Unknown,Unknown,18-24,Female,Other,Yes,"Less than $25,000"
Q009,English,Broadway East,1,0,0,0,0,0,0,0,0,0,0,1,0,0,0,0,0,0,0,0,0,,1,0,1,0,0,0,,1,0,0,0,0,0,0,0,,0,0,1,0,0,0,0,0,0,0,0,0,,1,1,1,0,0,0,,Most trips,Every day,No,No,Do not like (preference),N/A,Yes,Yes,N/A,0,0,0,0,0,1,0,0,0,,Never,0,1,0,0,,Never,Unknown,Cash,Yes,Yes,1,1,,2,No,1,Unknown,Unknown,18-24,Male,White,No,"Less than $25,000"
Q112,Spanish,San Juan Del Centro,1,0,0,0,0,0,0,0,0,0,0,1,0,0,1,0,0,0,0,1,1,,1,0,1,1,0,0,,1,0,0,0,0,0,0,1,,0,0,1,1,1,0,0,0,0,0,1,1,,0,0,1,1,1,0,,Most trips,Every day,No,Unknown,Unknown,Unknown,Yes,Yes,N/A,0,0,0,0,0,0,0,1,0,,Never,0,0,0,1,,Once per week,Unknown,Cash,Yes,Yes,0,0,,Unknown,Unknown,4,Unknown,Unknown,55-64,Male,Other,Yes,"Less than $25,000"
Q091,Spanish,Broadway,0,0,0,0,0,0,0,1,0,0,0,1,0,0,0,0,0,0,0,0,1,,0,0,0,0,0,0,,0,1,0,0,1,0,0,0,,0,0,1,0,0,0,0,0,0,0,0,0,,0,0,1,1,0,0,,Every trip,Three to five times per week,Unknown,Unknown,Unknown,Unknown,N/A,N/A,N/A,0,1,0,0,0,0,0,0,1,,Once per week,0,0,1,0,,Three to five times per week,Unknown,10-ride ticket book,Yes ,Yes,1,1,,2,No,1,Unknown,Unknown,35-44,Male ,Unknown,Yes,"Less than $25,000"
Q054,English,Orchard Grove,0,0,0,0,0,0,0,0,Work vehicle,0,0,0,0,0,0,0,0,0,0,0,0,Other,1,0,0,0,0,0,,1,0,0,0,0,0,0,0,,0,0,0,1,0,0,0,0,0,0,0,0,,0,0,1,0,0,0,,Most trips,Every Day,No,Yes,N/A,Unknown,No,No,Company,0,0,0,0,0,0,0,0,0,Other,Never,0,0,0,0,Other (injury),Never,Time,N/A,Yes,Yes,1,0,,3,No,3,Work,Unknown,45-54,Male,White,No,"$25,000 to $49,999"
Q061,English,Orchard Grove,0,1,0,0,0,0,0,1,0,0,1,0,1,0,0,0,0,0,0,1,1,,1,0,0,1,0,0,,0,0,0,0,0,0,1,1,,0,1,1,1,0,0,1,0,0,1,0,0,,0,1,1,1,0,0,,Every once in a while,Never,N/A,N/A,N/A,N/A,N/A,N/A,N/A,1,1,0,1,0,0,0,0,0,,Never,1,0,0,0,,Few times per month,N/A,MyRide card,Yes,Yes,1,0,,3,No,3,Self,Walt Disney,Unknown,Unknown,Unknown,Unknown,Unknown
Q170,English,San Juan Del Centro,0,0,0,0,0,0,0,1,0,0,1,1,0,0,0,0,0,0,1,1,0,,1,1,1,1,0,1,,0,0,0,0,1,1,0,1,,1,1,1,1,0,1,0,0,0,1,1,1,,0,0,1,1,1,1,,Most trips,Few times per month,Yes,N/A,N/A,N/A,No,Yes,N/A,0,0,0,1,0,0,0,0,0,,Three to five times per week,0,0,0,0,,Every weekday,N/A,Cash,No,Yes,1,1,,2,No,2,Self,Wonder Woman,25-34,Female,Other,Yes,"$25,000 to $49,999"
